ID,Predicted
001i000000NuQ6Y,0.0011078169
001i000000NuQXz,0.0613764
001i000000NuRDC,0.007001597
001i000000NuQeg,0.007001597
001i000000NuOQc,0.05418948
001i000000NuPjO,0.007001597
001i000000NuP34,0.005995062
001i000000NuS8R,0.007001597
001i000000NuQTS,0.007001597
001i000000NuOFe,0.0005832373
001i000000NuNvp,4.687082e-06
001i000000NuO3e,0.007001597
001i000000LhyXh,0.74190575
001i000000NuPsu,0.007001597
001i000000MJzTb,0.007001597
001i000000Q1Y0G,0.41588724
001i000000NuQa8,0.007001597
001i000000NuPt8,0.007001597
001i000000NuO77,0.007001597
001i000000NuRGz,0.007001597
001i000000NuRRd,0.007001597
001i000000oks2Z,0.007001597
001i000000NuQNG,0.007001597
001i000000NuPUC,0.0056641013
001i000000NuPeS,0.007001597
001i000000NuQGr,0.007001597
001i000000NuPgl,0.007001597
001i000000NuQaz,0.007001597
001i000000NuNiC,0.007001597
001i000000NuQ8i,0.007001597
001i000000NuQMI,0.007001597
001i000000NuRuR,0.007001597
001i000000NuOX3,3.985039e-06
001i000000NuP9T,0.0012708452
001i000000NuPAE,0.007001597
001i000000NuNpK,0.0020807954
001i000000NuRYX,0.007001597
001i000000NuO3x,0.007001597
001i000000NuR6z,0.41100267
001i000000NuOCs,3.977961e-06
001i000000NuRm0,0.007001597
001i000000oks2V,0.007001597
001i000000NuRWL,0.007001597
001i000000NuO9M,0.00039012288
001i000000oks1x,0.007001597
001i000000NuS1j,0.007001597
001i000000MJzaB,0.007001597
001i000000NuQhR,0.007001597
001i000000NuOdP,0.007001597
001i000000NuRGr,0.007001597
001i000000Li951,0.007001597
001i000000NuPD2,0.007001597
001i000000LhyV6,0.98815316
001i000000NuOig,1.3187348e-05
001i000000NuPE7,0.007001597
001i000000elQzC,0.007001597
001i000000NuQfl,0.007001597
001i000000NuPrY,0.007001597
001i000000NuOjD,0.0027836107
001i000000NuRhn,0.007001597
001i000000NuOtw,0.007001597
001i000000NuOfX,0.007001597
001i000000NuRf2,0.007001597
001i000000NuQGW,0.007001597
001i000000oks1v,0.007001597
001i000000NuQPZ,0.007001597
001i000000NuPDU,0.007001597
001i000000NuOVK,0.021255564
001i000000MJzUc,0.007001597
001i000000NuQdK,0.007001597
001i000000NuNXG,0.007001597
001i000000NuRik,0.007001597
001i000000NuQmr,0.007001597
001i000000NuRTA,0.007001597
001i000000LhyYo,0.9827267
001i000000NuOMq,0.00025822668
001i000000NuS49,0.007001597
001i000000NuQZv,0.007001597
001i000000em18u,0.007001597
001i000000Lhya5,0.41588724
001i000000NuOM9,0.0018225169
001i000000MJzZr,0.007001597
001i000000NuQs8,0.007001597
001i000000NuR7Z,0.007001597
001i000000NuPm7,0.007001597
001i000000NuQbU,0.007001597
001i000000NuOvH,0.0005616741
001i000000NuQpC,0.007001597
001i000000NuQy8,0.007001597
001i000000NuQuq,0.007001597
001i000000NuR3n,0.007001597
001i000000NuPVm,0.007001597
001i000000NuQMX,0.007001597
001i000000NuQRo,0.007001597
001i000000NuQwS,0.077244245
001i000000NuOjh,0.007001597
001i000000NuOZV,0.0025189957
001i000000NuQkK,0.007001597
001i000000NuOHk,0.00016946052
001i000000NuPtU,0.007001597
001i000000NuOOK,0.007001597
001i000000NuNhw,0.0009678741
001i000000NuQ0t,0.007001597
001i000000NuRbz,0.007001597
001i000000NuRKn,0.007001597
001i000000NuQWd,0.007001597
001i000000NuPZE,0.007001597
001i000000NuR2u,0.007001597
001i000000MKXgt,0.007001597
001i000000NuPtW,0.011078741
001i000000NuNxv,0.0009053163
001i000000NuQYl,0.007001597
001i000000NuPYg,0.007001597
001i000000NuQja,0.007001597
001i000000MJzZJ,0.007001597
001i000000NuPPs,0.007001597
001i000000NuR85,0.007001597
001i000000NuRWl,0.007001597
001i000000NuP4U,0.007001597
001i000000N1vW1,0.007001597
001i000000NuPZ9,0.007001597
001i000000NuOuX,0.007001597
001i000000NuRkY,0.007001597
001i000000NuPed,0.007001597
001i000000NuNlr,0.007001597
001i000000NuRLv,0.007001597
001i000000NuOQD,7.47101e-05
001i000000NuPTi,0.0014099348
001i000000NuQmW,0.007001597
001i000000NuOZJ,2.1855172e-08
001i000000NuPL1,0.009515032
001i000000NuPWs,0.007001597
001i000000NuNVg,0.00070858235
001i000000NuOVd,0.00039012288
001i000000NuPGw,0.0017019187
001i000000MJzaN,0.007001597
001i000000NuOFm,0.007001597
001i000000NuPMM,0.007001597
001i000000NuS23,0.007001597
001i000000LhyaR,0.85926396
001i000000NuPu1,0.007001597
001i000000NuRFR,0.41588724
001i000000NuPxF,0.007001597
001i000000ZqfMa,0.007001597
001i000000NuRrl,0.007001597
001i000000NuROC,0.007001597
001i000000NuOfu,0.007001597
001i000000NuRyh,0.007001597
001i000000NuPBD,0.0009059358
001i000000NuPkY,0.007001597
001i000000NuNWZ,0.007001597
001i000000NuQuW,0.007001597
001i000000NuOMB,0.0041539413
001i000000NuRNU,0.007001597
001i000000NuO34,3.4886993e-06
001i000000NuQ94,0.007001597
001i000000NuPSw,0.007001597
001i000000NuOn6,1.8341092e-05
001i000000NuRL7,0.007001597
001i000000NuOjY,8.851022e-05
001i000000NuPPC,0.007001597
001i000000NuP1u,0.007001597
001i000000LhyVR,0.99329984
001i000000NuPjb,0.007001597
001i000000NuNmP,1.8605025e-06
001i000000NuQwW,0.007001597
001i000000MJzbq,0.007001597
001i000000NuOjI,0.0027836107
001i000000NuOrZ,0.0005616741
001i000000NuPzN,0.007001597
001i000000NuObp,1.5710886e-05
001i000000NuPcJ,0.007001597
001i000000NuP2v,0.004393544
001i000000NuPQU,0.007001597
001i000000NuOCz,0.00039012288
001i000000NuS1U,0.007001597
001i000000LhyRX,0.7865896
001i000000oks3H,0.007001597
001i000000NuOvT,0.0031310858
001i000000NuP9X,0.007001597
001i000000NuPEV,1.6122965e-05
001i000000NuPob,0.0032990857
001i000000NuQse,0.007001597
001i000000NuRjJ,0.007001597
001i000000NuPhQ,0.007001597
001i000000NuPb9,0.007001597
001i000000NuQZ7,0.007001597
001i000000NuPst,0.007001597
001i000000NuRxa,0.007001597
001i000000NuPqF,0.007001597
001i000000NuQ6u,0.003582004
001i000000NuRSB,0.007001597
001i000000NuQCq,0.007001597
001i000000NuQ4b,0.007001597
001i000000NuPok,0.0032990857
001i000000NuO8F,0.007001597
001i000000NuPwQ,0.007001597
001i000000N1vVb,0.007001597
001i000000NuROq,0.007001597
001i000000LiKyj,0.007001597
001i000000NuNn6,0.008698296
001i000000NuRSy,0.007001597
001i000000NuRYo,0.007001597
001i000000NuRYp,0.007001597
001i000000NuNxm,1.3849398e-05
001i000000NuR1E,0.007001597
001i000000NuOqM,0.00057753635
001i000000NuREQ,0.007001597
001i000000NuNcP,0.007001597
001i000000NuPrN,0.007001597
001i000000NuNvV,0.00070564094
001i000000NuQYd,0.007001597
001i000000NuOMA,0.00016946052
001i000000NuP6M,3.0160047e-06
001i000000NuQko,0.007001597
001i000000NuRh4,0.007001597
001i000000NuQTv,0.007001597
001i000000NuQD0,0.007001597
001i000000NuPK9,0.0056641013
001i000000NuNsS,0.0041036787
001i000000NuNrH,0.007001597
001i000000NuQqx,0.007001597
001i000000NuOhK,0.007001597
001i000000NuQGR,0.007001597
001i000000Lhybr,0.8709589
001i000000NuQL1,0.007001597
001i000000NuS7T,0.007001597
001i000000ZtB0Y,0.007001597
001i000000NuQtH,0.007001597
001i000000NuOQ0,0.007001597
001i000000NuQ4E,0.007001597
001i000000NuSoh,0.007001597
001i000000P3q7j,0.529836
001i000000NuPfR,0.007001597
001i000000NuRA0,0.007001597
001i000000NuRMv,0.007001597
001i000000Li95h,0.007001597
001i000000NuNWh,0.24913776
001i000000NuR6G,0.007001597
001i000000NuQo1,0.007001597
001i000000NuO1i,3.4756886e-06
001i000000NuNjT,0.007001597
001i000000MJzb1,0.007001597
001i000000NuQsF,0.007001597
001i000000NuQBl,0.007001597
001i000000NuNW5,0.007001597
001i000000Lhybq,0.94212127
001i000000NuPrl,0.007001597
001i000000NuQUt,0.007001597
001i000000NuOWE,0.007001597
001i000000NuQiP,0.007001597
001i000000NuO2X,0.00035554165
001i000000NuPe6,0.0077543743
001i000000NuQEE,0.007001597
001i000000LhyYb,0.8588259
001i000000NuNV4,8.9741625e-06
001i000000NuQ3t,0.007001597
001i000000NuR9g,0.007001597
001i000000NuQDK,0.007001597
001i000000NuOJo,0.008811417
001i000000NuPxh,0.007001597
001i000000NuPcQ,0.01591214
001i000000NuRSc,0.007001597
001i000000NuNps,0.007001597
001i000000NuPYw,0.007001597
001i000000ZtAP2,0.007001597
001i000000NuP9N,0.007001597
001i000000NuOrg,0.0006711054
001i000000NuRLI,0.007001597
001i000000NuPsM,0.007001597
001i000000NuQBa,0.007001597
001i000000NuQo5,0.007001597
001i000000NuQ5A,0.007001597
001i000000NuPRO,0.007001597
001i000000NuP8d,0.0017971873
001i000000NuRMS,0.007001597
001i000000NuQcv,0.18430886
001i000000NuOQU,0.0002287096
001i000000NuQfH,0.007001597
001i000000oks52,0.007001597
001i000000NuPyC,0.007001597
001i000000NuNYu,2.9361927e-05
001i000000NuRjQ,0.007001597
001i000000NuNQh,0.12067398
001i000000NuOSN,0.00064136594
001i000000NuQwA,0.007001597
001i000000NuQNC,0.007001597
001i000000NuP2G,0.00041683947
001i000000LhycJ,0.811519
001i000000NuOMr,0.0006193332
001i000000NuRfw,0.007001597
001i000000NuQW9,0.007001597
001i000000NuPga,0.0077543743
001i000000NuPPU,0.007001597
001i000000NuNnB,0.007001597
001i000000NuOvC,0.0035472785
001i000000NuQgc,0.007001597
001i000000LhyX0,0.98232734
001i000000MKXgy,0.007001597
001i000000Li94O,0.007001597
001i000000NuOOf,0.00039012288
001i000000NuO6F,0.007001597
001i000000NuQeN,0.007001597
001i000000NuRPp,0.007001597
001i000000NuOyH,2.9060013e-05
001i000000NuQrp,0.007001597
001i000000NuOSK,0.0037230952
001i000000NuRAN,0.007001597
001i000000NuPl6,0.007001597
001i000000NuR63,0.05315046
001i000000NuPiv,0.007001597
001i000000NuRlm,0.007001597
001i000000NuON6,0.00016976488
001i000000NuQLm,0.007001597
001i000000NuQZ1,0.007001597
001i000000NuOR1,0.0025189957
001i000000NuQLb,0.007001597
001i000000NuQsZ,0.007001597
001i000000MJzTW,0.007001597
001i000000NuQn0,0.11341261
001i000000NuS0v,0.007001597
001i000000NuQMi,0.007001597
001i000000NuPYe,0.007001597
001i000000NuNaP,1.0814045e-07
001i000000NuR1Q,0.007001597
001i000000NuPGb,0.012756497
001i000000NuNqK,0.007001597
001i000000NuRig,0.007001597
001i000000LhyZD,0.8721821
001i000000NuQFs,0.0053554648
001i000000elUQU,0.007001597
001i000000NuOSW,0.0009678741
001i000000NuNgk,0.007001597
001i000000NuRST,0.007001597
001i000000NuPLM,0.007001597
001i000000NuOV6,0.005720789
001i000000NuRhw,0.007001597
001i000000NuPQN,0.007001597
001i000000LhyPF,0.9920032
001i000000NuRZW,0.007001597
001i000000MJzUk,0.007001597
001i000000NuP5l,1.05041664e-07
001i000000NuNto,0.007001597
001i000000NuQNN,0.007001597
001i000000NuP5y,0.00041683947
001i000000NuRjy,0.007001597
001i000000NuPR6,0.007001597
001i000000NuPsi,0.007001597
001i000000NuPQx,0.007001597
001i000000NuOE1,2.0938288e-08
001i000000NuP4p,3.774838e-05
001i000000NuOFR,0.007001597
001i000000NuPKT,0.007001597
001i000000NuNYz,0.007001597
001i000000NuOas,0.0042449217
001i000000NuNuv,1.7295995e-05
001i000000NuP63,4.7929407e-06
001i000000NuRuC,0.007001597
001i000000NuO9T,0.34127256
001i000000NuODe,0.007001597
001i000000NuNm8,0.00039012288
001i000000NuP39,0.00485147
001i000000NuNnc,0.0009119931
001i000000NuOHc,1.7134938e-05
001i000000NuP1n,0.0027836107
001i000000NuQtU,0.007001597
001i000000NuPVA,0.55178905
001i000000NuRip,0.007001597
001i000000LhySu,0.92102134
001i000000NuRE2,0.007001597
001i000000NuO0J,0.007001597
001i000000NuOW7,0.002336894
001i000000NuR88,0.007001597
001i000000NuR4y,0.007001597
001i000000NuOky,2.4499492e-05
001i000000NuOxA,0.00485147
001i000000NuQTL,0.007001597
001i000000NuRPG,0.007001597
001i000000oks49,0.007001597
001i000000LhyR7,0.993838
001i000000NuOiL,4.8705573e-05
001i000000NuPUD,0.0056641013
001i000000NuQAF,0.007001597
001i000000NuOa1,0.0025189957
001i000000NuQrs,0.007001597
001i000000NuOWM,7.841576e-05
001i000000Li96N,0.007001597
001i000000NuP97,0.0022495794
001i000000NuQG8,0.007001597
001i000000NuQWH,0.007001597
001i000000NuP1U,0.007001597
001i000000NuOxT,0.007001597
001i000000NuPbM,0.007001597
001i000000LhyXN,0.9812595
001i000000NuR97,0.007001597
001i000000NuOTT,0.0025189957
001i000000NuR9U,0.40517473
001i000000NuOw7,0.0005616741
001i000000LhyPb,0.88959944
001i000000NuNjr,0.0018225169
001i000000NuOeJ,0.007001597
001i000000NuPnP,0.007001597
001i000000NuR02,0.007001597
001i000000NuREK,0.007001597
001i000000NuOK6,5.5513883e-08
001i000000NuQ9T,0.007001597
001i000000NuQ2v,0.001314379
001i000000NuRP0,0.007001597
001i000000NuPI3,0.05079609
001i000000NuOrM,0.007001597
001i000000NuNwb,9.390481e-06
001i000000NuNnY,2.1677768e-06
001i000000NuQUa,0.007001597
001i000000NuOIh,3.3306746e-06
001i000000NuOHv,0.00016946052
001i000000LhySc,0.98691016
001i000000NuR2D,0.007001597
001i000000NuP1e,5.0790397e-05
001i000000NuO1g,6.1149526e-06
001i000000NuRhP,0.007001597
001i000000NuSp1,0.007001597
001i000000NuRqF,0.007001597
001i000000Li94i,0.007001597
001i000000NuQPh,0.007001597
001i000000NuQjB,0.007001597
001i000000NuPTY,0.007001597
001i000000NuPEI,0.007001597
001i000000NuNYy,0.007001597
001i000000NuPZr,0.007001597
001i000000Li94C,0.007001597
001i000000NuSpJ,0.007001597
001i000000NuRWA,2.4487306e-07
001i000000NuPhj,0.007001597
001i000000NuPqt,0.007001597
001i000000MJzVf,0.007001597
001i000000NuQ6y,0.0015392834
001i000000NuOcv,0.0005616741
001i000000NuPOS,0.007001597
001i000000NuRJ2,0.007001597
001i000000NuOct,0.007001597
001i000000NuP8u,0.00018667449
001i000000NuP7s,0.0023956685
001i000000NuQ0W,0.007001597
001i000000NuPbR,0.007001597
001i000000NuOgd,0.0005995573
001i000000NuRtn,0.007001597
001i000000NuOOy,0.007001597
001i000000NuO1q,0.00068692875
001i000000NuPot,0.0019020215
001i000000NuQHf,0.007001597
001i000000NuPQ3,0.007001597
001i000000LhyPP,0.9848963
001i000000NuOPQ,0.007001597
001i000000NuQaR,0.007001597
001i000000NuOuD,0.007001597
001i000000NuQiR,0.007001597
001i000000NuQhQ,0.007001597
001i000000NuQcR,0.007001597
001i000000MJzVh,0.007001597
001i000000NuPt0,0.007001597
001i000000NuS1c,0.007001597
001i000000NuRYa,0.007001597
001i000000NuPo7,0.007001597
001i000000Lhybs,0.72176397
001i000000NuQD6,0.007001597
001i000000NuPXq,0.007001597
001i000000NuOwa,0.0005616741
001i000000NuQUP,0.007001597
001i000000NuRkE,0.007001597
001i000000NuQE0,0.007001597
001i000000NuPlm,0.007001597
001i000000NuRaH,0.007001597
001i000000MJzUE,0.007001597
001i000000NuQpe,0.007001597
001i000000NuRac,0.007001597
001i000000NuOV2,6.285555e-06
001i000000NuRVe,0.007001597
001i000000NuO9l,0.007001597
001i000000em0ZK,0.007001597
001i000000NuQMA,0.007001597
001i000000NuNmk,2.5134082e-06
001i000000LhyaM,0.8956568
001i000000NuPAT,0.0014672504
001i000000NuPgf,0.007001597
001i000000NuPbn,0.007001597
001i000000NuNrT,0.00010380639
001i000000Li96J,0.007001597
001i000000NuOvY,0.00087691325
001i000000NuQgL,0.007001597
001i000000oks1L,0.007001597
001i000000NuOqt,0.006027346
001i000000NuPu2,0.007001597
001i000000NuRD2,0.007001597
001i000000NuPwh,0.007001597
001i000000NuOXE,0.0009678741
001i000000NuQYS,0.007001597
001i000000NuRhK,0.007001597
001i000000NuRhH,0.007001597
001i000000NuR94,0.007001597
001i000000NuQAx,0.007001597
001i000000NuQhy,0.007001597
001i000000NuQFA,0.007001597
001i000000NuOfE,0.001314379
001i000000NuQ21,0.007001597
001i000000NuRRQ,0.007001597
001i000000NuRBb,0.007001597
001i000000NuO9s,0.9998605
001i000000NuRdG,0.007001597
001i000000NuPDK,0.0012792405
001i000000NuOHQ,0.0018225169
001i000000NuOsp,0.007001597
001i000000NuPNc,0.007001597
001i000000NuOMe,0.0018225169
001i000000NuQDC,0.007001597
001i000000NuPwu,0.007001597
001i000000NuQcN,4.5223956e-06
001i000000NuOUA,0.007001597
001i000000NuQYD,0.007001597
001i000000NuOOo,0.007001597
001i000000MJzX4,0.007001597
001i000000Q3OQS,0.05079609
001i000000NuNgF,0.007001597
001i000000NuQVt,0.007001597
001i000000NuOJB,0.0041539413
001i000000NuQiV,0.007001597
001i000000NuQk7,0.007001597
001i000000NuOt3,0.007001597
001i000000em6xl,0.007001597
001i000000NuPOE,0.007001597
001i000000NuQdg,0.007001597
001i000000NuPFy,0.007001597
001i000000NuQ4c,0.007001597
001i000000NuRUH,0.007001597
001i000000NuNda,0.007001597
001i000000NuNWe,0.007001597
001i000000NuNp6,0.0054303855
001i000000NuPJr,0.007001597
001i000000NuQHN,0.007001597
001i000000NuQjj,0.007001597
001i000000NuPsK,0.007001597
001i000000NuPHm,0.0014099341
001i000000NuOBb,0.007001597
001i000000NuNhO,0.007001597
001i000000NuQIN,0.035785466
001i000000NuQD3,0.007001597
001i000000NuOV0,2.1620048e-08
001i000000NuOcU,0.00025742137
001i000000NuRdV,0.007001597
001i000000NuS7h,0.007001597
001i000000NuOFP,0.007001597
001i000000NuNu8,4.9268063e-05
001i000000NuO8e,0.007001597
001i000000NuRax,0.007001597
001i000000NuNxU,0.007001597
001i000000NuQna,0.007001597
001i000000NuOVy,0.0046255756
001i000000NuNlS,0.007001597
001i000000NuQBM,0.007001597
001i000000NuPbw,0.007001597
001i000000NuQ10,0.007001597
001i000000NuOk6,0.0027836107
001i000000NuQXL,0.007001597
001i000000NuNtx,0.0025189957
001i000000NuRjf,0.007001597
001i000000NuNVa,0.007001597
001i000000NuR52,0.007001597
001i000000NuPcM,0.007001597
001i000000NuOVX,3.474269e-05
001i000000NuPbk,0.007001597
001i000000NuPCt,0.007001597
001i000000NuQzK,0.007001597
001i000000NuNnI,3.535824e-05
001i000000NuQRh,0.007001597
001i000000LhyYe,0.8564606
001i000000NuOcG,0.0009678741
001i000000NuQ37,0.007001597
001i000000NuPg6,0.007001597
001i000000NuPxd,0.011078741
001i000000NuQNM,0.007001597
001i000000NuO4I,0.007001597
001i000000NuQsM,0.007001597
001i000000NuPyw,0.007001597
001i000000NuPjt,0.007001597
001i000000NuR3t,0.007001597
001i000000NuRno,0.007001597
001i000000NuPdu,0.007001597
001i000000NuRzQ,0.007001597
001i000000NuO8c,0.03330516
001i000000LhyWV,0.529836
001i000000NuOdO,0.007001597
001i000000NuS1b,0.007001597
001i000000NuPxt,0.001253153
001i000000NuOQr,0.00079466717
001i000000NuOc4,0.007001597
001i000000NuPr3,0.007001597
001i000000NuQq2,0.007001597
001i000000NuPXJ,0.007001597
001i000000NuOBx,0.009955782
001i000000NuNhi,7.7688543e-07
001i000000NuQSR,0.007001597
001i000000NuRzN,0.007001597
001i000000NuQm9,0.007001597
001i000000NuRnx,0.007001597
001i000000NuReW,0.007001597
001i000000NuPfO,0.0003205451
001i000000NuQw6,0.007001597
001i000000NuOjM,0.007001597
001i000000em6nE,0.007001597
001i000000NuOGD,1.20936975e-05
001i000000NuNmF,0.007001597
001i000000NuNzi,0.007001597
001i000000NuNpx,0.0001168079
001i000000NuRHl,0.07808712
001i000000NuPny,0.007001597
001i000000NuPzg,0.007001597
001i000000NuRVb,0.007001597
001i000000NuOQn,3.0194667e-05
001i000000NuR7s,0.007001597
001i000000NuNiZ,0.007001597
001i000000NuPrO,0.007001597
001i000000NuQu1,0.007001597
001i000000Li95l,0.007001597
001i000000NuSpf,0.007001597
001i000000NuR7j,0.007001597
001i000000NuO8Q,0.003010116
001i000000NuRUQ,0.007001597
001i000000MJzTQ,0.007001597
001i000000elRn8,0.007001597
001i000000NuNmi,1.5029859e-06
001i000000NuPs0,0.007001597
001i000000NuRF1,0.007001597
001i000000MJzVO,0.007001597
001i000000NuNlj,0.00081032637
001i000000NuOgW,6.506157e-08
001i000000NuOJF,0.0018225169
001i000000NuPba,0.007001597
001i000000NuPEO,0.0076178964
001i000000NuROH,0.007001597
001i000000NuR3c,0.007001597
001i000000NuQzF,0.007001597
001i000000NuP40,0.0027836107
001i000000MJzYA,0.007001597
001i000000NuOqJ,0.0004211154
001i000000NuPqR,0.007001597
001i000000NuQ1N,0.007001597
001i000000NuPx2,0.016844582
001i000000NuPGr,4.6467972e-05
001i000000NuOfN,0.007001597
001i000000NuQZo,0.007001597
001i000000NuObg,3.9878823e-06
001i000000NuQkE,0.007001597
001i000000NuOvv,0.73653615
001i000000NuQbi,0.007001597
001i000000NuQ5z,0.007001597
001i000000NuPJh,0.007001597
001i000000NuRGW,0.007001597
001i000000NuP9U,0.0021553114
001i000000NuR2l,0.007001597
001i000000NuOtW,0.007001597
001i000000NuOYI,7.4798634e-05
001i000000NuQqm,0.007001597
001i000000NuOPm,0.0038652394
001i000000NuNvs,8.611343e-07
001i000000NuOsk,0.0063330433
001i000000MJzXn,0.007001597
001i000000NuRM5,0.007001597
001i000000NuR4i,0.007001597
001i000000NuR4N,0.06534764
001i000000NuOtc,0.007001597
001i000000NuRJS,0.007001597
001i000000NuQG0,0.007001597
001i000000NuOxS,0.007001597
001i000000NuOGP,0.007001597
001i000000NuRTD,0.007001597
001i000000NuOrX,1.9693368e-06
001i000000NuOM1,0.00016946052
001i000000MJzYu,0.007001597
001i000000NuOpZ,0.0049669943
001i000000NuPg0,0.007001597
001i000000NuRTW,0.007001597
001i000000NuRT7,0.007001597
001i000000oks3K,0.007001597
001i000000NuOof,1.2913578e-05
001i000000NuQwm,0.007001597
001i000000NuQF1,0.007001597
001i000000NuQff,0.007001597
001i000000NuQJj,0.007001597
001i000000MJzVd,0.007001597
001i000000NuQDX,0.007001597
001i000000LhyQx,0.97213316
001i000000NuPPz,0.007001597
001i000000NuPpY,0.0032990857
001i000000NuPNs,0.007001597
001i000000NuOau,7.4798634e-05
001i000000NuONb,0.007001597
001i000000NuRyA,0.007001597
001i000000LhyRE,0.98656046
001i000000NuQ4U,0.007001597
001i000000oks3E,0.007001597
001i000000NuQPC,0.007001597
001i000000NuPbC,0.007001597
001i000000NuO5l,0.007001597
001i000000NuREo,0.007001597
001i000000NuPDV,0.007001597
001i000000NuPyY,0.10703595
001i000000NuNtH,2.7064268e-06
001i000000NuNhV,0.007001597
001i000000NuOYo,0.0013260659
001i000000NuQSZ,0.007001597
001i000000NuQTx,0.007001597
001i000000NuP8I,0.007001597
001i000000NuQDo,0.007001597
001i000000NuRRU,0.007001597
001i000000NuNE1,0.007001597
001i000000NuO2L,0.007001597
001i000000NuPNU,0.007001597
001i000000NuRay,0.007001597
001i000000NuRey,0.007001597
001i000000NuOtu,0.007001597
001i000000NuQkn,0.007001597
001i000000NuNg5,0.003270684
001i000000NuRAu,0.007001597
001i000000em0XO,0.007001597
001i000000ZtRoA,0.007001597
001i000000NuNXx,0.00011676926
001i000000NuQy6,0.007001597
001i000000NuNmh,0.007001597
001i000000NuNqP,1.5415215e-05
001i000000NuOmi,0.002630778
001i000000NuRb5,0.007001597
001i000000NuPoI,0.007001597
001i000000NuPp8,0.0032990857
001i000000NuQc7,0.007001597
001i000000NuQk9,0.007001597
001i000000NuQ3F,0.007001597
001i000000NuOEu,5.7348043e-05
001i000000NuP6Q,0.00051809853
001i000000NuOr0,0.00040512768
001i000000NuRHQ,0.007001597
001i000000LhyQ5,0.92590076
001i000000NuQtQ,0.007001597
001i000000NuPN6,0.007001597
001i000000NuORL,0.003241263
001i000000NuPhm,0.007001597
001i000000NuQwf,0.007001597
001i000000NuRTh,0.007001597
001i000000NuRm4,0.007001597
001i000000NuOiv,9.10522e-05
001i000000NuO7u,0.000319947
001i000000NuODi,0.007001597
001i000000NuPjN,0.007001597
001i000000NuO4y,0.007001597
001i000000NuQ3h,0.007001597
001i000000NuRLq,0.007001597
001i000000NuPuN,0.007001597
001i000000NuRc8,0.007001597
001i000000NuPdQ,0.007001597
001i000000NuRUW,0.007001597
001i000000NuNjZ,0.007001597
001i000000MJzUs,0.007001597
001i000000NuOSp,0.0002865198
001i000000NuPWh,0.007001597
001i000000NuQsu,0.007001597
001i000000NuPDm,0.007001597
001i000000NuR5G,0.007001597
001i000000NuOYP,0.0025189957
001i000000NuP6v,8.925079e-06
001i000000NuOE5,9.343977e-05
001i000000NuPy6,0.007001597
001i000000NuQ4s,0.007001597
001i000000LhyXU,0.99129456
001i000000NuQzG,0.007001597
001i000000NuQMa,0.009790106
001i000000NuNnr,4.9155335e-07
001i000000NuOgG,0.007009575
001i000000NuPgR,0.007001597
001i000000NuQpa,0.007001597
001i000000NuNnq,2.822355e-05
001i000000NuQNg,0.007001597
001i000000NuOK3,2.8068782e-05
001i000000NuRQF,0.007001597
001i000000NuOQm,0.007001597
001i000000NuRei,0.007001597
001i000000NuOiS,0.0058069266
001i000000NuRVm,0.5816458
001i000000NuQ1D,0.007001597
001i000000NuRRW,0.007001597
001i000000NuQwX,0.007001597
001i000000NuQ4A,0.001314379
001i000000NuNib,0.007001597
001i000000NuNXo,0.007001597
001i000000NuOAf,4.377739e-05
001i000000NuOJa,0.00016946052
001i000000NuP53,0.007001597
001i000000NuPXh,0.007001597
001i000000MJzaR,0.007001597
001i000000NuO84,0.0072849453
001i000000LhyTx,0.9920208
001i000000NuPwt,0.4158872
001i000000NuP3G,0.00041683947
001i000000NuRjE,0.007001597
001i000000NuQ8r,0.007001597
001i000000Li94u,0.007001597
001i000000NuR1H,0.007001597
001i000000NuQbx,0.007001597
001i000000NuRSs,0.007001597
001i000000NuQdw,0.007001597
001i000000NuOMI,0.00070858235
001i000000NuS0b,0.007001597
001i000000NuQrQ,0.007001597
001i000000NuPKw,0.007001597
001i000000MJzaf,0.007001597
001i000000NuQmo,0.007001597
001i000000NuPtn,0.007001597
001i000000NuQ7f,0.007001597
001i000000oks50,0.007001597
001i000000NuNVT,0.00011318084
001i000000NuOd5,0.001591395
001i000000NuR40,0.007001597
001i000000NuQMb,0.045997813
001i000000NuQvh,0.007001597
001i000000NuNlT,0.007001597
001i000000NuNcZ,5.343053e-07
001i000000NuPC3,0.007001597
001i000000MJzUC,0.007001597
001i000000NuQhA,0.007001597
001i000000NuR5s,0.007001597
001i000000NuNvN,0.00016946052
001i000000NuQMY,0.007001597
001i000000NuNhK,0.007001597
001i000000NuOON,0.0015361843
001i000000NuRD9,0.007001597
001i000000NuOC2,7.3996694e-06
001i000000NuRiw,0.007001597
001i000000NuQap,0.007001597
001i000000LhyQ7,0.9932197
001i000000NuPbm,0.007001597
001i000000NuNmV,0.007001597
001i000000NuPWV,0.007001597
001i000000NuQa7,0.007001597
001i000000NuQeF,0.007001597
001i000000NuS89,0.007001597
001i000000NuRJM,0.007001597
001i000000LhyYB,0.10635986
001i000000NuOtU,0.0009568941
001i000000NuP1J,0.0015910238
001i000000NuOK8,0.0018225169
001i000000NuP3L,0.00041683947
001i000000NuQO1,0.007001597
001i000000NuPT3,0.007001597
001i0000018979H,0.007001597
001i000000NuP13,0.04173534
001i000000NuPbF,0.007001597
001i000000NuQ3g,0.007001597
001i000000NuNct,0.007001597
001i000000NuP1g,0.0016119312
001i000000NuQrc,0.007001597
001i000000Lhybi,0.99410653
001i000000NuPgO,0.007001597
001i000000MJzUF,0.007001597
001i000000NuQe4,0.007001597
001i000000elRf2,0.007001597
001i000000NuOXR,0.007001597
001i000000NuNaU,0.007001597
001i000000NuPs3,0.007001597
001i000000NuQ8J,0.007001597
001i000000em8wv,0.007001597
001i000000NuQyG,0.007001597
001i000000NuOVv,0.014521617
001i000000NuOnp,0.007001597
001i000000NuOtV,0.007001597
001i000000NuPkl,0.007001597
001i000000NuNa9,0.007001597
001i000000NuR3F,0.007001597
001i000000NuO7a,0.007001597
001i000000NuQss,0.007001597
001i000000NuOLd,0.0044249194
001i000000LhyQl,0.974796
001i000000NuRdY,0.007001597
001i000000NuOpD,4.6025975e-06
001i000000NuQKu,0.007001597
001i000000NuNVs,0.007001597
001i000000NuRS3,0.007001597
001i000000NuPqh,0.007001597
001i000000NuPQ0,0.007001597
001i000000NuRwu,0.007001597
001i000000NuRJJ,0.007001597
001i000000oks3P,0.007001597
001i000000NuNUT,0.00039012288
001i000000NuOOe,0.0058069266
001i000000oks4k,0.007001597
001i000000NuPah,0.007001597
001i000000NuOjt,0.0032990857
001i000000NuNml,5.278631e-05
001i000000NuQ3P,0.007001597
001i000000NuQ6d,0.0014499692
001i000000LhyVs,0.9380382
001i000000NuQFV,0.007001597
001i000000NuOrr,0.007001597
001i000000NuRs7,0.007001597
001i000000NuPLl,0.007001597
001i000000NuODT,1.5969718e-07
001i000000NuOkS,0.007001597
001i000000oks3v,0.007001597
001i000000NuRC4,0.007001597
001i000000NuRIw,0.007001597
001i000000NuQBy,0.007001597
001i000000Li94Q,0.007001597
001i000000LhyUE,0.6361967
001i000000NuO01,5.7192196e-06
001i000000NuRln,0.007001597
001i000000NuNze,0.007001597
001i000000NuPMq,0.007001597
001i000000NuO3d,0.0025189957
001i000000NuQt0,0.007001597
001i000000Lhyc8,0.97466373
001i000000NuO7E,0.007001597
001i000000NuOqA,0.0004211154
001i000000NuPkU,0.007001597
001i000000NuNuI,0.007001597
001i000000NuPDX,0.0032990857
001i000000NuRUz,0.007001597
001i000000NuPqE,0.007001597
001i000000NuQ84,0.007001597
001i000000NuR7Q,0.007001597
001i000000NuO7e,0.0017019187
001i000000NuQIn,0.009790106
001i000000NuPDO,0.00042082366
001i000000NuPPj,0.007001597
001i000000NuPuw,0.007001597
001i000000NuQPp,0.007001597
001i000000NuNXe,0.00019556149
001i000000NuQbr,0.007001597
001i000000NuP7m,0.007001597
001i000000NuQWJ,0.007001597
001i000000NuQwh,0.007001597
001i000000NuQZT,0.007001597
001i000000LhyQu,0.94561505
001i000000NuPT6,0.007001597
001i000000NuQ4w,0.007001597
001i000000NuNvX,0.00016946052
001i000000NuQGS,0.007001597
001i000000LhydV,0.702027
001i000000NuRsp,0.007001597
001i000000NuOPA,0.0005616741
001i000000NuQyV,0.007001597
001i000000NuOyr,0.007001597
001i000000NuRZP,0.007001597
001i000000NuPNx,0.007001597
001i000000NuR6u,0.07808712
001i000000LhyYX,0.4418307
001i000000NuOqH,0.007001597
001i000000NuPIZ,0.0017019187
001i000000NuPbA,0.007001597
001i000000NuRRK,0.007001597
001i000000NuOO8,2.7079786e-05
001i000000NuPCD,0.0017019187
001i000000NuOVu,0.007001597
001i000000NuQKA,0.007001597
001i000000NuR3S,0.007001597
001i000000NuOD4,0.007001597
001i000000NuPxY,0.007001597
001i000000NuNv2,0.00016946052
001i000000NuRw2,0.007001597
001i000000NuNUB,0.60625094
001i000000NuNf2,0.007001597
001i000000NuQo8,0.007001597
001i000000NuPdV,0.007001597
001i000000NuP93,0.0066080578
001i000000NuRtU,0.007001597
001i000000NuRif,0.007001597
001i000000NuPyR,0.007001597
001i000000NuOe1,4.3004043e-06
001i000000NuRkj,0.007001597
001i000000NuRA7,0.007001597
001i000000NuPQg,0.00021461867
001i000000NuS0Q,0.007001597
001i000000NuPAL,0.0017971873
001i000000NuQWt,0.020664688
001i000000NuPPQ,0.00096318295
001i000000NuPPE,0.007001597
001i000000NuQas,0.007001597
001i000000NuQ5I,0.007001597
001i000000NuRXR,0.007001597
001i000000NuPuo,0.007001597
001i000000NuNWI,0.00384645
001i000000NuOMl,0.0026614377
001i000000NuPuD,0.077244245
001i000000NuNea,2.3438368e-05
001i000000NuNoA,0.00038550605
001i000000NuQeL,0.007001597
001i000000NuPYU,0.007001597
001i000000NuO7Y,9.1802845e-05
001i000000NuQCX,0.007001597
001i000000MJzas,0.007001597
001i000000NuPrn,0.007001597
001i000000haw61,0.007001597
001i000000MJzZu,0.007001597
001i000000NuRG3,0.007001597
001i000000NuPfw,0.007001597
001i000000NuNo8,0.0018225169
001i000000LhyWw,0.41588724
001i000000NuP8c,0.0017971873
001i000000NuOv5,0.0005616741
001i000000NuRg9,0.007001597
001i000000NuQPP,0.007001597
001i000000NuNwQ,0.007001597
001i000000NuOjw,1.6832844e-05
001i000000NuSqD,0.007001597
001i000000NuPAg,6.1543083e-06
001i000000Li94q,0.007001597
001i000000NuOHU,0.00016457966
001i000000NuRE7,0.007001597
001i000000MJza2,0.007001597
001i000000NuRON,0.0041793333
001i000000NuOB8,0.007001597
001i000000NuQjS,0.007001597
001i000000NuOfM,0.007001597
001i000000LhyQG,0.99167645
001i000000NuNjk,0.007001597
001i000000NuRNw,0.007001597
001i000000NuNVJ,8.279669e-06
001i000000LhyVL,0.67943484
001i000000NuRcu,0.007001597
001i000000MJzTc,0.007001597
001i000000NuQh6,0.007001597
001i000000NuNtt,0.00039177132
001i000000NuNZw,0.007001597
001i000000NuQxW,0.007001597
001i000000NuOlO,0.0010668203
001i000000NuQ6v,0.006478518
001i000000NuRbN,0.007001597
001i000000LhyS8,0.99657935
001i000000NuRSS,0.007001597
001i000000NuQqn,0.007001597
001i000000NuOWs,0.007001597
001i000000NuROt,0.007001597
001i000000NuQic,0.007001597
001i000000em0vM,0.007001597
001i000000NuRrX,0.007001597
001i000000NuRtN,0.007001597
001i000000oks1d,0.007001597
001i000000NuRrG,0.007001597
001i000000NuPNr,0.007001597
001i000000NuRPi,0.007001597
001i000000NuQTX,0.007001597
001i000000NuOWq,0.00039012288
001i000000LhyYz,0.8611076
001i000000NuOrw,0.007001597
001i000000NuOqL,0.0027836107
001i000000NuQwx,0.007001597
001i000000NuOMw,3.7375125e-06
001i000000NuPYN,0.007001597
001i000000NuRnN,0.007001597
001i000000Lhyd2,0.870302
001i000000NuR6m,0.07808712
001i000000NuNzp,4.473509e-05
001i000000NuPXy,0.007001597
001i000000NuRZF,0.007001597
001i000000NuRUd,0.007001597
001i000000NuRqO,0.007001597
001i000000NuOKq,0.0018495541
001i000000aSQuD,0.007001597
001i000000NuNmR,5.200342e-07
001i000000NuQPM,0.007001597
001i000000NuRsQ,0.007001597
001i000000NuPED,0.007001597
001i000000NuNtI,7.539607e-06
001i000000NuPOT,0.007001597
001i000000LhyTI,0.9306392
001i000000Lhycm,0.96885353
001i000000NuNy4,0.0026475615
001i000000MJzTq,0.007001597
001i000000NuQXG,0.007001597
001i000000NuP23,0.00016650665
001i000000NuQxM,0.007001597
001i000000NuRy0,0.007001597
001i000000NuOue,0.007001597
001i000000NuOBY,0.00027545108
001i000000NuRaq,0.007001597
001i000000NuQ5d,0.007001597
001i000000NuPsp,0.007001597
001i000000NuRc4,0.007001597
001i000000em6vD,0.007001597
001i000000NuPKF,0.007001597
001i000000NuQj2,0.007001597
001i000000NuRqD,0.007001597
001i000000NuNYL,0.0018225176
001i000000NuPcP,0.007001597
001i000000NuP6S,6.216612e-06
001i000000NuNxw,0.007001597
001i000000Lhydc,0.98540616
001i000000NuPuk,0.007001597
001i000000NuPOA,0.007001597
001i000000NuQii,0.007001597
001i000000NuRyY,0.007001597
001i000000NuRPR,0.007001597
001i000000NuP5z,3.0160047e-06
001i000000NuQqf,0.007001597
001i000000NuPqa,0.007001597
001i000000NuQQx,0.007001597
001i000000NuNW4,0.007001597
001i000000NuQFG,0.007001597
001i000000NuQv8,0.007001597
001i000000NuO1Z,0.00022744747
001i000000NuRCQ,0.007001597
001i000000NuP4n,0.007001597
001i000000NuRq1,0.007001597
001i000000NuOsL,1.9494867e-06
001i000000NuRbc,0.007001597
001i000000NuO7i,0.007001597
001i000000NuO0x,0.007001597
001i000000em09q,0.007001597
001i000000NuNgr,0.007001597
001i000000NuRgo,0.007001597
001i000000NuPyk,0.011078741
001i000000NuQb7,0.007001597
001i000000NuRue,0.007001597
001i000000NuRh9,0.007001597
001i000000NuOya,0.0053825784
001i000000NuOxM,0.0028509384
001i000000NuQUN,0.061244622
001i000000NuOr6,0.0021394163
001i000000NuQJ7,0.007001597
001i000000NuNtO,0.007001597
001i000000NuNRj,0.007001597
001i000000NuRbi,0.007001597
001i000000NuR26,0.007001597
001i000000NuNaF,0.007001597
001i000000NuRXE,0.007001597
001i000000NuRPB,0.007001597
001i000000NuPH5,0.00018667449
001i000000NuRlW,0.007001597
001i000000NuOM5,9.484053e-05
001i000000NuPDe,0.002141176
001i000000NuOCZ,0.007001597
001i000000NuREi,0.007001597
001i000000NuRTV,0.007001597
001i000000NuOWQ,0.0025189957
001i000000NuPJ4,0.00018667449
001i000000NuOLa,2.6232285e-05
001i000000NuOfK,2.3393774e-05
001i000000NuPs5,0.007001597
001i000000LhyZf,0.98499423
001i000000NuQWK,0.007001597
001i000000NuPO0,0.007001597
001i000000NuPzy,0.007001597
001i000000NuPKA,0.007001597
001i000000NuPgF,0.0048605558
001i000000NuPHz,0.007001597
001i000000NuPRy,0.007001597
001i000000em8wC,0.007001597
001i000000NuRRP,0.007001597
001i000000NuPAx,2.3782499e-05
001i000000NuRVP,0.007001597
001i000000c29Oo,0.007001597
001i000000NuRJt,0.007001597
001i000000NuOY8,0.0004211154
001i000000NuOBD,0.007001597
001i000000NuNcl,0.007001597
001i000000NuQTH,0.007001597
001i000000NuQiD,0.007001597
001i000000NuRKS,0.007001597
001i000000NuOtf,0.007001597
001i000000NuRcf,0.007001597
001i000000NuRer,0.007001597
001i000000NuQIe,0.007001597
001i000000NuP4v,0.013877292
001i000000NuQXd,0.0036426175
001i000000oks4b,0.007001597
001i000000NuQDB,0.007001597
001i000000NuP3k,0.002479626
001i000000NuNkC,0.05315046
001i000000NuPpG,0.020749072
001i000000NuQBt,0.007001597
001i000000NuR8d,0.007001597
001i000000NuQMf,0.007001597
001i000000NuQq1,0.007001597
001i000000MKXgv,0.007001597
001i000000NuOmq,0.007001597
001i000000NuPw5,0.007001597
001i000000NuOAI,0.007001597
001i000000NuQL6,0.007001597
001i000000NuQdQ,0.007001597
001i000000LhybN,0.90337545
001i000000NuQS2,0.047454637
001i000000NuONc,0.007001597
001i000000NuRmG,0.007001597
001i000000NuPKV,0.007001597
001i000000NuOUt,0.00039012288
001i000000NuOAv,0.007001597
001i000000NuOFL,0.007001597
001i000000NuPyu,0.007001597
001i000000NuOcW,6.119548e-05
001i000000NuOBP,0.007001597
001i000000NuPOs,0.007001597
001i000000NuQbm,0.007001597
001i000000NuPc4,0.007001597
001i000000NuPVS,0.007001597
001i000000NuOBc,1.1302955e-06
001i000000NuRYJ,0.007001597
001i000000NuPdv,0.007001597
001i000000NuPXY,0.007001597
001i000000aSCda,0.007001597
001i000000NuO2k,0.0079980595
001i000000NuOuv,0.0043294956
001i000000Lhych,0.7210536
001i000000Lhydq,0.78309554
001i000000NuPlH,0.007001597
001i000000NuOj7,0.061171025
001i000000NuOHt,0.0018225169
001i000000NuOVc,0.00083353877
001i000000NuPKy,0.007001597
001i000000NuOi3,0.0017897154
001i000000NuQkZ,0.007001597
001i000000NuRpN,0.007001597
001i000000NuRkI,0.007001597
001i000000NuPU3,0.0038652394
001i000000NuPNH,0.007001597
001i000000NuPHG,0.007001597
001i000000NuP6W,0.00041683947
001i000000NuPak,0.007001597
001i000000NuQLp,0.007001597
001i000000NuNlQ,0.00039012288
001i000000NuPjW,0.007001597
001i000000NuQjb,0.007001597
001i000000N1vVr,0.007001597
001i000000NuNhS,0.007001597
001i000000NuOj0,5.3061365e-05
001i000000NuQ6c,0.001314379
001i000000NuOQ9,0.00070858235
001i000000NuP5S,4.287341e-06
001i000000NuPCj,0.007001597
001i000000NuPpk,0.007001597
001i000000NuO8r,3.279367e-08
001i000000NuNtj,0.007001597
001i000000em8uG,0.007001597
001i000000NuRoY,0.007001597
001i000000Lhyau,0.9681764
001i000000NuPBo,0.0024169786
001i000000NuPdy,0.007001597
001i000000NuRAt,0.007001597
001i000000NuPp5,0.007001597
001i000000LhyXV,0.37377483
001i000000NuOPj,0.018781377
001i000000NuOy4,0.0027836107
001i000000NuPKi,0.007001597
001i000000NuS6L,0.007001597
001i000000NuQa9,0.007001597
001i000000MJzW4,0.007001597
001i000000NuRPJ,0.007001597
001i000000NuP5C,0.0017363911
001i000000NuOtK,0.0043316954
001i000000NuODr,1.4334931e-07
001i000000LhyQ6,0.99674666
001i000000NuO9I,0.007001597
001i000000NuNWO,0.007001597
001i000000NuPuL,0.007001597
001i000000NuPGx,0.0002287096
001i000000NuOSD,0.0035472785
001i000000LhyRt,0.99414563
001i000000NuRnC,0.007001597
001i000000NuO7A,0.0018225169
001i000000NuR8g,0.007001597
001i000000NuQD2,0.007001597
001i000000MJzZY,0.007001597
001i000000NuQos,0.007001597
001i000000NuR2v,0.007001597
001i000000NuNbo,0.007001597
001i000000NuS1p,0.007001597
001i000000MJzZd,0.007001597
001i000000NuOrx,0.007001597
001i000000NuRlv,0.007001597
001i000000NuNwj,0.007001597
001i000000NuODY,0.00039012288
001i000000NuRSm,0.007001597
001i000000NuQqO,0.007001597
001i000000NuROS,0.007001597
001i000000MJzYp,0.007001597
001i000000NuPQW,0.007001597
001i000000NuNo4,9.135901e-06
001i000000NuQBd,0.007001597
001i000000NuPvs,0.007001597
001i000000LhyU9,0.88767153
001i000000NuRg7,0.007001597
001i000000NuQO3,0.007001597
001i000000NuP5X,0.007001597
001i000000NuPO9,0.007001597
001i000000NuNco,0.007001597
001i000000NuQDz,0.007001597
001i000000NuNl6,0.007001597
001i000000NuPGV,0.0017019187
001i000000NuPmG,0.007001597
001i000000NuO5V,0.008253183
001i000000LhyaE,0.6598225
001i000000NuPQH,0.007001597
001i000000NuQYe,0.007001597
001i000000NuOqo,0.0032990857
001i000000NuRJv,0.007001597
001i000000NuQZE,0.007001597
001i000000NuPjy,0.007001597
001i000000aSAb5,0.007001597
001i000000NuReP,0.007001597
001i000000NuONe,0.007001597
001i000000NuORp,0.007001597
001i000000NuOAx,0.010603565
001i000000NuPWx,0.007001597
001i000000NuNoW,3.8508983e-06
001i000000NuQLh,0.007001597
001i000000c296j,0.007001597
001i000000LhyVP,0.9884864
001i000000NuOd0,0.005513215
001i000000NuQCb,0.077244245
001i000000NuRW3,0.00081589026
001i000000LhyUH,0.83489937
001i000000NuNfa,0.007001597
001i000000LhyZN,0.6754884
001i000000NuNyd,0.0020459383
001i000000NuNiq,0.007001597
001i000000NuO5B,0.005995062
001i000000NuPKK,0.007001597
001i000000NuPbd,0.007001597
001i000000NuQlZ,0.007001597
001i000000MJzWU,0.007001597
001i000000Lhydy,0.8842105
001i000000NuPRu,0.007001597
001i000000NuNjv,0.007001597
001i000000NuOaR,0.0025189957
001i000000LhyT8,0.93364614
001i000000MJzTH,0.007001597
001i000000NuPZn,0.007001597
001i000000NuRD3,0.007001597
001i000000NuQs2,0.007001597
001i000000NuRVB,0.007001597
001i000000NuNqz,0.007001597
001i000000NuRN9,0.007001597
001i000000NuNyK,0.00070858235
001i000000NuO3i,0.0032240914
001i000000NuP3f,0.0016119312
001i000000NuQno,0.007001597
001i000000NuOr3,0.007001597
001i000000NuO3K,2.6815962e-05
001i000000NuOjK,0.007001597
001i000000NuOLW,0.00016946052
001i000000NuPOH,0.007001597
001i000000NuR4n,0.007001597
001i000000NuOOX,0.00039012288
001i000000NuPES,1.0646206e-05
001i000000NuRDi,0.007001597
001i000000NuRJE,0.007001597
001i000000NuRX9,0.007001597
001i000000NuPwc,0.007001597
001i000000LhydG,0.9003825
001i000000NuP6l,0.0011767704
001i000000NuQTK,0.007001597
001i000000Lhyas,0.8661256
001i000000NuPu3,0.007001597
001i000000NuP9W,0.007001597
001i000000MJzWG,0.007001597
001i000000NuPta,0.007001597
001i000000NuNav,6.349462e-07
001i000000NuRNa,0.007001597
001i000000NuOxd,0.0014099341
001i000000NuRoc,0.007001597
001i000000NuOT8,0.00053596694
001i000000NuQGI,0.007001597
001i000000NuPGR,0.01378014
001i000000NuOv4,0.0035472785
001i000000NuNso,2.9056136e-07
001i000000NuP67,0.0035053387
001i000000NuO3r,0.007001597
001i000000NuNXT,0.007001597
001i000000NuQsA,0.007001597
001i000000NuQe0,0.007001597
001i000000NuQHT,0.007001597
001i000000NuR33,0.007001597
001i000000NuRrA,0.007001597
001i000000NuOh7,1.7936202e-06
001i000000NuNcB,2.3292907e-05
001i000000NuOka,0.007001597
001i000000NuQ33,0.007001597
001i000000NuPpU,0.007001597
001i000000NuQG3,0.007001597
001i000000NuQ2k,0.007001597
001i000000NuPkg,0.007001597
001i000000NuRg1,0.007001597
001i000000NuR9F,0.007001597
001i000000NuQZ4,0.007001597
001i000000NuOVM,0.00011829727
001i000000NuQRb,0.007001597
001i000000NuONH,8.8143867e-07
001i000000NuPMh,0.007001597
001i000000NuP1t,0.0010847735
001i000000NuQ8D,0.007001597
001i000000NuOVp,0.00039012288
001i000000NuPyD,0.007001597
001i000000NuQu4,0.007001597
001i000000NuOuk,0.000459637
001i000000NuO0Y,2.3417366e-05
001i000000NuRef,0.007001597
001i000000NuNbq,0.007001597
001i000000NuRMI,0.007001597
001i000000NuNuV,0.0058069266
001i000000LhyTa,0.66900885
001i000000N1vVf,0.007001597
001i000000NuPgs,0.007001597
001i000000NuPC1,0.007001597
001i000000NuORK,0.23056658
001i000000MJzV2,0.007001597
001i000000MJzUH,0.007001597
001i000000NuNS9,0.0038634134
001i000000MJzZe,0.007001597
001i000000NuNy2,0.007001597
001i000000NuOV5,0.00039012288
001i000000NuQLr,0.007001597
001i000000NuQPV,0.007001597
001i000000NuRLS,0.007001597
001i000000NuNhc,0.09577264
001i000000LhyYh,0.8564606
001i000000NuRa2,0.007001597
001i000000NuOIF,0.0005856722
001i000000NuOPU,0.003270684
001i000000NuQyT,0.007001597
001i000000NuSow,0.007001597
001i000000NuR37,0.007001597
001i000000NuR7C,0.07808712
001i000000NuNoq,0.007001597
001i000000NuP5V,0.007001597
001i000000NuOv9,0.0035472785
001i000000NuQJy,0.007001597
001i000000NuPyn,0.007001597
001i000000slXqy,0.007001597
001i000000NuR9t,0.007001597
001i000000NuQXs,0.007001597
001i000000P3RYp,0.007001597
001i000000NuQtI,0.007001597
001i000000NuR4U,0.007001597
001i000000NuOPY,0.0025189957
001i000000NuRyz,0.007001597
001i000000NuPZD,0.014091974
001i000000NuQcH,0.007001597
001i000000NuQl6,0.007001597
001i000000NuOEd,0.0008562665
001i000000NuS8K,0.007001597
001i000000NuQs9,0.007001597
001i0000017bU6I,0.007001597
001i000000NuRXC,0.007001597
001i000000NuRin,0.007001597
001i000000NuR5c,0.007001597
001i000000NuOcA,0.007001597
001i000000MKXh9,0.007001597
001i000000NuOSR,0.042737782
001i000000MJzaz,0.007001597
001i000000LhybT,0.9011757
001i000000NuRG8,0.007001597
001i000000MJzWu,0.007001597
001i000000NuPIr,0.007001597
001i000000LhyPG,0.94951093
001i000000NuPiZ,0.007001597
001i000000NuPZA,0.007001597
001i000000NuRRO,0.007001597
001i000000MJzY7,0.007001597
001i000000NuRXv,0.007001597
001i000000NuO5x,0.007001597
001i000000NuNkH,0.007001597
001i000000NuPoa,0.007001597
001i000000NuQLk,0.007001597
001i000000NuRat,0.007001597
001i000000NuRR1,0.007001597
001i000000NuOkV,2.4261084e-05
001i000000ZuXlS,0.007001597
001i000000NuPbc,0.007001597
001i000000NuQ7w,0.007001597
001i000000NuQp2,0.007001597
001i000000NuNgW,0.007001597
001i000000NuRXA,0.007001597
001i000000NuQHC,0.007001597
001i0000017AZ6N,0.007001597
001i000000NuQ24,0.007001597
001i000000NuNmK,0.0005820567
001i000000NuR2Z,0.007001597
001i000000NuPIO,0.007001597
001i000000NuOx6,0.00045741946
001i000000MJzYf,0.007001597
001i000000NuPwb,0.007001597
001i000000NuRbb,0.007001597
001i000000NuPBg,0.66519827
001i000000NuQJX,0.007001597
001i000000LhycZ,0.99117976
001i000000NuRVx,0.007001597
001i000000NuOyA,0.007001597
001i000000Y0Lnj,0.007001597
001i000000LhySt,0.9991874
001i000000MJzXr,0.007001597
001i000000NuOaL,0.00049251155
001i000000NuQgA,0.007001597
001i000000NuNtg,0.0022523315
001i000000NuR5V,0.007001597
001i000000NuO6b,0.00016946052
001i000000MJzUY,0.007001597
001i000000NuOnC,0.0020330865
001i000000NuRLN,0.007001597
001i000000NuQRa,0.007001597
001i000000NuPUK,0.005664107
001i000000NuOsQ,0.0051124026
001i000000NuPQu,0.007001597
001i000000NuRha,0.007001597
001i000000NuOga,0.0009678741
001i000000NuRgP,0.007001597
001i000000NuRVZ,0.007001597
001i000000NuRs0,0.007001597
001i000000NuNd8,0.007001597
001i000000NuOWZ,9.17653e-05
001i000000NuQ2w,0.007001597
001i000000NuQRU,0.007001597
001i000000NuO1n,0.007001597
001i000000LhycV,0.98293406
001i000000NuQCQ,0.007001597
001i000000NuRTj,0.007001597
001i000000NuNzI,0.007001597
001i000000NuRdJ,0.007001597
001i000000NuQUg,0.007001597
001i000000NuOEc,0.00016946052
001i000000NuRHq,0.007001597
001i000000NuPQV,0.0076178964
001i000000NuQWe,0.007001597
001i000000NuOqc,0.007001597
001i000000NuPtl,0.007001597
001i000000NuQX9,0.007001597
001i000000NuO93,0.007001597
001i000000NuO8Y,0.0041539413
001i000000LhyY2,0.41588724
001i000000NuPUI,0.0014099341
001i000000NuQTG,0.007001597
001i000000LiKyi,0.007001597
001i000000NuQb2,0.007001597
001i000000NuPvb,0.007001597
001i000000NuP7v,0.007001597
001i000000NuP4k,0.0032990857
001i000000LhycG,0.8571861
001i000000NuP7n,0.007001597
001i000000NuP9D,0.007001597
001i000000NuOKr,0.00016946052
001i000000NuQRI,0.007001597
001i000000LhyW3,0.85842484
001i000000q7wAW,0.007001597
001i000000NuOgA,0.00038595503
001i000000NuRNW,0.007001597
001i000000NuO04,0.0004920843
001i000000NuOKB,2.705601e-05
001i000000NuRr0,0.007001597
001i000000NuQYk,0.007001597
001i000000LhybK,0.053469826
001i000000NuPe3,0.007001597
001i000000NuQ9L,0.007001597
001i000000MKXgf,0.007001597
001i000000NuOot,0.003270684
001i000000NuOc9,0.007001597
001i000000NuS6N,0.007001597
001i000000NuOp9,8.254241e-05
001i000000NuOaY,0.00039012288
001i000000NuOCp,0.007001597
001i000000NuQob,0.007001597
001i000000NuO1b,0.007001597
001i000000NuS3W,0.007001597
001i000000NuPqc,0.007001597
001i000000NuR1F,0.007001597
001i000000NuNpA,0.007001597
001i000000NuQ4y,0.007001597
001i000000NuPmM,0.007001597
001i000000NuRYF,0.007001597
001i000000NuOpS,3.64143e-06
001i000000NuPK2,0.007001597
001i000000NuPnF,0.0070730885
001i000000NuQUT,0.007001597
001i000000LhyQ3,0.9999627
001i000000NuRlA,0.007001597
001i000000NuPVx,0.007001597
001i000000NuPnA,0.052903365
001i000000Lhya0,0.84224856
001i000000NuNbJ,0.007001597
001i000000NuR5J,0.007001597
001i000000NuNdM,0.007001597
001i000000NuOGo,0.007001597
001i000000NuOMj,0.0026408036
001i000000NuG9K,0.007001597
001i000000NuR6s,0.07808712
001i000000NuORV,0.0025189957
001i000000NuQlQ,0.007001597
001i000000NuQQP,0.007001597
001i000000NuRHt,0.007001597
001i000000NuOeB,0.005720789
001i000000LhyPm,0.9779178
001i000000NuOyh,0.007001597
001i000000NuRDd,0.007001597
001i000000NuRKR,0.007001597
001i000000NuQsb,0.1293441
001i000000NuPE8,0.007001597
001i000000NuRMB,0.007001597
001i000000NuPku,0.007001597
001i000000oks33,0.007001597
001i000000NuOUR,0.0025189957
001i000000NuRU1,0.007001597
001i000000NuQkY,0.007001597
001i000000NuQTt,0.007001597
001i000000NuQw1,0.007001597
001i000000NuRmU,0.007001597
001i000000em8pV,0.007001597
001i000000NuOtH,0.007001597
001i000000NuO1W,0.00994419
001i000000NuR3G,0.007001597
001i000000NuQ7S,0.007001597
001i000000NuRMC,0.007001597
001i000000NuO0p,2.0836774e-06
001i000000NuQGn,0.007001597
001i000000NuPsn,0.007001597
001i000000NuOS1,0.0032282392
001i000000NuPyA,1.7000137e-05
001i000000NuO7p,0.007001597
001i000000LhyS7,0.94697815
001i000000NuNne,6.1147446e-08
001i000000NuO5O,5.234982e-06
001i000000NuPHX,0.007001597
001i000000NuRfe,0.007001597
001i000000NuRk2,0.007001597
001i000000MJza5,0.007001597
001i000000NuR8R,0.007001597
001i000000NuRWN,0.007001597
001i000000NuPZc,0.007001597
001i000000NuQsx,0.007001597
001i000000NuRpf,0.007001597
001i000000NuS0j,0.007001597
001i000000NuQBo,0.007001597
001i000000oks47,0.007001597
001i000000Li961,0.007001597
001i000000NuOGR,0.007001597
001i000000NuQS8,0.0026635043
001i000000NuROJ,0.007001597
001i000000NuQlv,0.007001597
001i000000NuQWS,0.007001597
001i000000MJzTy,0.007001597
001i000000NuPLv,0.007001597
001i000000NuQNH,0.007001597
001i000000NuPtB,0.007001597
001i000000LhyVo,0.7788321
001i000000NuOQW,0.0035472785
001i000000NuNzt,0.007001597
001i000000NuNns,6.135042e-07
001i000000NuNaq,0.007001597
001i000000NuP32,0.001300626
001i000000NuQnZ,0.007001597
001i000000NuQdf,0.007001597
001i000000NuQmQ,0.007001597
001i000000MJzWO,0.007001597
001i000000NuQLU,0.007001597
001i000000NuP79,0.0071856673
001i000000NuNVX,5.4217463e-07
001i000000NuNqx,0.0002574906
001i000000NuQZq,0.077244245
001i000000Lhydp,0.935899
001i000000MKXgh,0.007001597
001i000000cEtsj,0.007001597
001i000000LhyZS,0.55704165
001i000000NuPGi,0.003211463
001i000000NuO4H,0.007001597
001i000000oks1h,0.007001597
001i000000NuNYb,0.007001597
001i000000NuOwn,0.000676729
001i000000NuQkj,0.007001597
001i000000NuQoO,0.007001597
001i000000NuOaf,0.0012442849
001i000000NuQmn,0.007001597
001i000000NuP68,0.00041683947
001i000000NuPr9,0.007001597
001i000000NuPPv,0.007001597
001i000000NuOrd,0.0005616741
001i000000NuPyB,0.011078741
001i000000NuQDp,0.007001597
001i000000NuPAs,1.992995e-05
001i000000NuQek,0.007001597
001i000000NuNoC,0.00062020565
001i000000NuPTd,0.0056641013
001i000000NuPni,0.007001597
001i000000MJzUd,0.007001597
001i000000NuRVF,0.007001597
001i000000NuOh5,9.1372276e-05
001i000000NuNe3,0.007001597
001i000000NuO0F,2.0046637e-06
001i000000NuPPl,0.007001597
001i000000NuRYW,0.007001597
001i000000NuS98,0.007001597
001i000000NuOmI,0.007001597
001i000000LhyZR,0.34127256
001i000000NuOCq,0.8038502
001i000000NuPoq,0.0008094134
001i000000NuODE,0.00011676926
001i000000oks40,0.007001597
001i000000NuNj2,0.007001597
001i000000NuOAa,0.00090420037
001i000000NuPfB,0.0077543743
001i000000MJzWJ,0.007001597
001i000000NuRSM,0.007001597
001i000000NuQQz,0.007001597
001i000000NuQar,0.007001597
001i000000LhySA,0.937923
001i000000NuRl8,0.007001597
001i000000NuOI0,6.9372237e-07
001i000000NuOLx,3.522163e-06
001i000000elapN,0.007001597
001i000000NuOJm,2.0115915e-05
001i000000NuOVA,0.090997756
001i000000NuNt3,3.0890773e-05
001i000000NuS0S,0.007001597
001i000000NuPPR,0.007001597
001i000000NuNpN,0.0006807282
001i000000NuP9O,0.0066080578
001i000000NuO0T,0.007001597
001i000000NuOLy,7.132563e-05
001i000000NuOz8,0.0027836107
001i000000NuPLh,0.007001597
001i000000elRdp,0.007001597
001i000000NuRCl,0.007001597
001i000000NuPUo,0.007001597
001i000000NuOFa,0.007001597
001i000000NuPai,0.0077543743
001i000000NuPyT,0.007001597
001i000000NuRhj,0.007001597
001i000000NuQhl,0.007001597
001i000000NuREO,0.007001597
001i000000NuNtq,0.00619076
001i000000LhyTr,0.9997199
001i000000NuOEK,8.265526e-07
001i000000NuOee,3.3084405e-07
001i000000NuR9v,0.007001597
001i000000NuOiR,0.0009678741
001i000000NuRF4,0.007001597
001i000000NuOOT,0.0058069266
001i000000NuOUS,0.0021356775
001i000000NuRKu,0.007001597
001i000000NuPiT,0.007001597
001i000000NuOPE,0.007001597
001i000000NuR0z,0.007001597
001i000000oks3I,0.007001597
001i000000NuOK4,0.00013435466
001i000000NuQLS,0.007001597
001i000000LhyQq,0.99106884
001i000000NuRQe,0.007001597
001i000000NuR1G,0.007001597
001i000000NuQlI,0.007001597
001i000000NuQHA,0.007001597
001i000000NuRcV,0.007001597
001i000000NuRam,0.007001597
001i000000NuP2M,0.0034938995
001i000000c1okK,0.007001597
001i000000NuO17,0.62861943
001i000000NuQ1B,0.007001597
001i000000NuPvd,0.007001597
001i000000NuQyD,0.007001597
001i000000NuO42,0.0006844286
001i000000NuPkX,0.007001597
001i000000NuP1V,0.00041683947
001i000000NuNoe,2.256281e-07
001i000000NuOgR,0.001462245
001i000000NuONo,0.007001597
001i000000NuRGm,0.007001597
001i000000NuQKU,0.04488362
001i000000Nu8bK,0.007001597
001i000000NuPml,0.007001597
001i000000oks4H,0.007001597
001i000000NuNuk,0.007001597
001i000000NuOYO,0.0035472785
001i000000NuQOK,0.007001597
001i000000NuPPA,0.007001597
001i000000NuO8d,0.007001597
001i000000NuRq0,0.007001597
001i000000MKXgY,0.007001597
001i000000q7wAs,0.007001597
001i000000NuR34,0.007001597
001i000000NuQur,0.007001597
001i000000NuP96,0.0017971873
001i000000NuONd,0.007001597
001i000000NuNOz,0.007001597
001i000000NuR27,0.007001597
001i000000NuQ7Z,0.007001597
001i000000NuO1z,0.007001597
001i000000NuPiB,0.007001597
001i000000NuPIz,0.007001597
001i000000LhySl,0.7194539
001i000000oks1P,0.007001597
001i000000NuQPc,0.021759653
001i000000NuPh7,0.003299084
001i000000NuO2g,8.6591734e-07
001i000000NuQQW,0.007001597
001i000000NuOhT,3.3143413e-05
001i000000NuQSg,0.007001597
001i000000LhyQQ,0.9872163
001i000000NuRcr,0.007001597
001i000000Lhycw,0.0017971873
001i000000NuOOn,0.007001597
001i000000NuP4s,0.007001597
001i000000NuRhF,0.007001597
001i000000LhyaU,0.9752935
001i000000NuNzB,5.3309573e-06
001i000000NuRJy,0.007001597
001i000000NuRWE,0.007001597
001i000000NuQCK,0.007001597
001i000000NuRjH,0.007001597
001i000000NuOd4,0.007001597
001i000000NuQoW,0.007001597
001i000000NuQcF,0.007001597
001i000000NuPsL,0.007001597
001i000000NuNaB,0.007001597
001i000000NuP6D,0.00010859111
001i000000LhyPg,0.9945201
001i000000NuPR5,0.007001597
001i000000NuNxd,0.007001597
001i000000NuPvF,0.007001597
001i000000NuOOD,0.007001597
001i000000NuRQc,0.007001597
001i000000NuRUP,0.007001597
001i000000NuNjA,0.007001597
001i000000NuQiu,0.007001597
001i000000NuQlh,0.007001597
001i000000MJzYI,0.007001597
001i000000NuQrT,0.007001597
001i000000NuQ25,0.007001597
001i000000NuO09,0.007001597
001i000000MJzTf,0.007001597
001i000000NuNR0,0.007001597
001i000000NuPqJ,0.007001597
001i000000NuQov,0.077244245
001i000000NuNbY,0.007001597
001i000000NuPm3,0.007001597
001i000000NuR29,0.007001597
001i000000NuNex,0.007001597
001i000000NuNg6,0.000294143
001i000000NuRWC,0.007001597
001i000000NuPG0,0.007001597
001i000000NuOlG,0.007001597
001i000000NuRgs,0.007001597
001i000000NuPtO,0.007001597
001i000000NuQ7p,0.007001597
001i000000NuPq3,0.007001597
001i000000NuO4N,0.007001597
001i000000NuNjp,0.007001597
001i000000NuQQf,0.007001597
001i000000NuOEE,0.00011676926
001i000000NuR42,0.007001597
001i000000N1vVP,0.007001597
001i000000NuQn9,0.007001597
001i000000NuNvP,0.0058069266
001i000000NuNdv,2.8404796e-07
001i000000NuNy1,0.00033457603
001i000000NuOup,0.007001597
001i000000NuOke,0.00079075387
001i000000NuS1O,0.007001597
001i000000NuOxg,0.007001597
001i000000NuQcr,0.052852083
001i000000NuRpd,0.007001597
001i000000q7wAy,0.007001597
001i000000NuOqV,0.0004211154
001i000000NuQXj,0.0016659881
001i000000NuQ02,0.007001597
001i000000NuP6N,9.118566e-05
001i000000NuPAZ,0.0017971873
001i000000NuOQP,0.007001597
001i000000NuRmQ,0.007001597
001i000000NuPrX,0.011078741
001i000000NuOm7,0.0004211154
001i000000NuRcB,0.007001597
001i000000NuS7O,0.007001597
001i000000NuSpT,0.007001597
001i000000LhySk,0.9596416
001i000000NuQid,0.007001597
001i000000NuQ2H,0.007001597
001i000000NuQYO,0.007001597
001i000000NuPZu,0.007001597
001i000000NuPx5,0.007001597
001i000000NuRii,0.007001597
001i000000NuOOQ,0.00021309449
001i000000NuNVq,0.007001597
001i000000Lhybm,0.8442471
001i000000LhyQY,0.9999937
001i000000NuS5X,0.007001597
001i000000NuQWm,0.007001597
001i000000NuOBf,0.00089960155
001i000000NuOFA,3.2162013e-06
001i000000NuNr2,0.007001597
001i000000NuPBs,0.007001597
001i000000NuQP7,0.007001597
001i000000NuR22,0.007001597
001i000000NuQ7v,0.007001597
001i000000NuOiP,0.003270684
001i000000NuQ67,0.007001597
001i000000NuNWg,1.5480182e-05
001i000000NuQ97,0.007001597
001i000000Lhydu,0.50168514
001i000000NuNys,0.007001597
001i000000NuOlD,0.007001597
001i000000NuRgg,0.007001597
001i000000bUKYA,0.007001597
001i000000MKXh3,0.007001597
001i000000NuNcg,0.007001597
001i000000NuPWn,0.007001597
001i000000NuRfB,0.007001597
001i000000NuNjb,0.007001597
001i000000NuRdm,0.007001597
001i000000NuOXi,0.007001597
001i000000MJzaT,0.007001597
001i000000NuPdi,0.007001597
001i000000NuQGh,0.007001597
001i000000NuOFC,0.007001597
001i000000NuQzy,0.007001597
001i000000NuRHO,0.007001597
001i000000NuRY7,0.007001597
001i000000NuQVC,0.007001597
001i000000NuPzb,0.007001597
001i000000NuPiH,0.007001597
001i000000NuQke,0.007001597
001i000000NuOTg,0.0044249212
001i000000oks4K,0.007001597
001i000000NuQig,0.007001597
001i000000NuPVp,0.007001597
001i000000Li95W,0.007001597
001i000000NuS0d,0.007001597
001i000000NuR9A,0.007001597
001i000000NuQ6R,0.007001597
001i000000NuRJw,0.007001597
001i000000em8yI,0.007001597
001i000000NuNt0,9.8821765e-06
001i000000NuR81,0.007001597
001i000000NuONY,0.007001597
001i000000NuS3H,0.007001597
001i000000NuPQn,0.007001597
001i000000NuOZo,1.3982942e-06
001i000000NuPv5,0.007001597
001i000000NuPLr,0.007001597
001i000000LhyYL,0.9999931
001i000000MJzWF,0.007001597
001i0000017bRZD,0.007001597
001i000000NuO1X,0.003958027
001i000000NuRCx,0.007001597
001i000000NuNkB,0.09151726
001i000000NuPRT,0.007001597
001i000000NuPAI,0.007001597
001i000000NuOug,0.0005616741
001i000000NuOym,0.007001597
001i000000NuNyt,1.7435396e-12
001i000000NuPXs,0.007001597
001i000000NuRis,0.007001597
001i000000LhyXK,0.99412596
001i000000NuRjB,0.007001597
001i000000NuO3G,1.600867e-05
001i000000NuO7h,0.007001597
001i000000NuO1V,1.8641254e-05
001i000000NuRY3,0.007001597
001i000000NuOmz,0.007001597
001i000000NuNla,0.007001597
001i000000NuO72,0.007001597
001i000000aUDjp,0.007001597
001i000000NuQF3,0.007001597
001i000000NuQ6D,0.007001597
001i000000NuNsU,6.562703e-07
001i000000NuNi7,0.007001597
001i000000NuRtv,0.007001597
001i000000NuRKJ,0.007001597
001i000000NuOLb,0.00013586406
001i000000NuR9m,0.007001597
001i000000NuQ1j,0.007001597
001i000000NuR4L,0.007001597
001i000000NuOqu,0.007001597
001i000000NuSoS,0.007001597
001i000000NuQ27,0.007001597
001i000000NuQ6M,0.007001597
001i000000NuRUD,0.007001597
001i000000NuNar,0.007001597
001i000000NuRMX,0.09386892
001i000000NuNuy,0.003270684
001i000000NuRb0,0.007001597
001i000000NuPeg,0.007001597
001i000000NuPAA,0.0025705209
001i000000NuPhl,0.007001597
001i000000NuROG,0.007001597
001i000000LhyR8,0.9923509
001i000000NuR3V,0.007001597
001i000000NuQye,0.007001597
001i000000NuRC7,0.007001597
001i000000NuPAQ,0.008956534
001i000000NuNVc,0.007001597
001i000000NuQUc,0.007001597
001i000000NuQEa,0.03876718
001i000000oks4g,0.007001597
001i000000NuQQT,0.007001597
001i000000NuPHD,0.0017019187
001i000000NuOZT,1.0866818e-05
001i000000NuQOM,0.007001597
001i000000NuRsV,0.007001597
001i000000NuPFa,0.0017019187
001i000000NuOci,0.007001597
001i000000NuNyc,0.0010016212
001i000000NuQmJ,0.007001597
001i000000NuQ4d,0.007001597
001i000000NuNYA,0.007001597
001i000000NuQNF,0.007001597
001i000000NuOH6,1.033157e-08
001i000000NuOgC,0.007001597
001i000000NuRXj,0.007001597
001i000000NuNuw,3.462194e-06
001i000000cESU8,0.007001597
001i000000Lhybt,0.8707666
001i000000NuRk8,0.007001597
001i000000NuQ5w,0.007001597
001i000000NuNjj,0.007001597
001i000000NuPOZ,0.0076178964
001i000000NuR90,0.007001597
001i000000NuPp3,0.0005951001
001i000000NuPnB,0.007001597
001i000000NuRXt,0.007001597
001i000000NuS5q,0.007001597
001i000000NuOBo,7.308278e-05
001i000000NuRgS,0.007001597
001i000000NuPge,0.007001597
001i000000NuQAn,0.007001597
001i000000MJzX1,0.007001597
001i000000NuRSp,0.007001597
001i000000NuS6y,0.007001597
001i000000NuNuS,0.007001597
001i000000LhyXS,0.68603283
001i000000oks2J,0.007001597
001i000000NuOVN,0.007001597
001i000000NuRPH,0.007001597
001i000000NuOqB,0.0004211154
001i000000NuNxH,0.24986096
001i000000NuNXf,0.0027836107
001i000000NuR5j,0.007001597
001i000000NuOgr,0.0058069266
001i000000NuRps,0.007001597
001i000000NuRkg,0.007001597
001i000000oks3t,0.007001597
001i000000NuPOF,0.007001597
001i000000NuPQM,0.007001597
001i000000NuPhW,0.007001597
001i000000NuP5t,0.000520753
001i000000NuQIv,0.007001597
001i000000NuRaz,0.007001597
001i000000NuOTq,3.5238605e-05
001i000000NuR0J,0.007001597
001i000000NuO1B,2.530209e-07
001i000000NuRa5,0.007001597
001i000000NuPBO,0.00090706866
001i000000NuNvD,0.0025189957
001i000000NuRyH,0.007001597
001i000000NuNzs,0.007001597
001i000000NuRcX,0.007001597
001i000000NuRqP,0.007001597
001i000000NuNqo,7.071767e-06
001i000000NuQa6,0.007001597
001i000000NuNgf,0.007001597
001i000000NuRTI,0.5145201
001i000000NuQvy,0.007001597
001i000000NuNZ7,0.0042950115
001i000000NuNvF,0.055495426
001i000000NuQe6,0.007001597
001i000000NuPyO,0.007001597
001i000000NuPMS,0.055969756
001i000000NuOyT,0.007001597
001i000000NuQ5D,0.007001597
001i000000NuS0w,0.007001597
001i000000Li95u,0.007001597
001i000000NuQca,0.007001597
001i000000Lhyaa,0.6844682
001i000000NuRFH,0.007001597
001i000000NuSA1,0.007001597
001i000000NuRCP,0.007001597
001i000000NuPxc,0.011078741
001i000000Lhyc0,0.19301336
001i000000NuQ3G,0.007001597
001i000000NuNsH,0.0049390798
001i000000NuPvg,0.007001597
001i000000NuQxc,0.007001597
001i000000NuPo1,0.007001597
001i000000NuPDs,0.0027057582
001i000000NuNwC,0.10568901
001i000000NuQpL,0.007001597
001i000000NuOzR,0.00024375637
001i000000NuPjn,0.007001597
001i000000NuQmD,0.007001597
001i000000NuNtw,0.007001597
001i000000NuQq7,0.007001597
001i000000LhyUt,0.6459222
001i000000Li94v,0.007001597
001i000000NuRR3,0.007001597
001i000000NuPHd,0.0017019187
001i000000NuQzq,0.007001597
001i000000NuPw3,0.007001597
001i000000NuQCl,0.007001597
001i000000NuPJV,0.007001597
001i000000NuQMZ,0.007001597
001i000000NuOTG,0.0027527264
001i000000NuP57,0.003825223
001i000000NuPDw,0.007001597
001i000000NuNot,3.0970503e-05
001i000000NuNz2,0.007001597
001i000000NuRhV,0.007001597
001i000000oks15,0.007001597
001i000000NuRyC,0.007001597
001i000000NuRe5,0.007001597
001i000000NuR35,0.007001597
001i000000NuPTh,0.007001597
001i000000NuQd9,0.007001597
001i000000NuOgq,5.142912e-06
001i000000NuOnQ,0.007001597
001i000000MJzXx,0.007001597
001i000000NuOqW,6.9582e-05
001i000000NuQby,0.007001597
001i000000NuOrN,0.104815714
001i000000NuPaR,0.007001597
001i000000NuP1E,9.176417e-06
001i000000NuQme,0.007001597
001i000000NuONV,2.1854187e-06
001i000000NuRg4,0.007001597
001i000000MJzVT,0.007001597
001i000000Lhydh,0.83335376
001i000000NuPVz,0.007001597
001i000000LhyTd,0.11303798
001i000000ZtSFb,0.007001597
001i000000NuQpD,0.007001597
001i000000NuOET,0.0006119676
001i000000NuNbK,0.007001597
001i000000NuNiw,0.007001597
001i000000NuQyL,0.007001597
001i000000NuPfK,0.0020734968
001i000000NuQTq,0.007001597
001i000000NuSpg,0.007001597
001i000000Li95k,0.007001597
001i000000NuPHN,0.007001597
001i000000NuOSu,0.007001597
001i000000NuNYc,0.007001597
001i000000NuQAb,0.007001597
001i000000NuPNe,0.02803003
001i000000NuPPi,0.0036368556
001i000000P5kd2,0.41588724
001i000000NuQfm,0.007001597
001i000000NuRcS,0.007001597
001i000000NuOFi,0.007001597
001i000000NuPP8,0.007001597
001i000000NuOfJ,0.007001597
001i000000NuQRs,0.055587977
001i000000NuQmU,0.007001597
001i000000LhyWz,0.9917814
001i000000NuQv5,0.007001597
001i000000NuRdO,0.007001597
001i000000NuQMC,0.007001597
001i000000NuQtW,0.007001597
001i000000NuPX1,0.007001597
001i000000NuNVy,7.585548e-05
001i000000NuOyG,0.0005616741
001i000000NuODn,0.00025211147
001i000000NuPMc,0.007001597
001i000000NuNfi,0.007001597
001i000000LhyWb,0.78985673
001i000000NuOYp,4.0411912e-08
001i000000NuSoW,0.007001597
001i000000NuRGV,0.007001597
001i000000NuSAF,0.007001597
001i000000NuPTH,0.034302264
001i000000NuRUF,0.007001597
001i000000NuPHQ,0.007001597
001i000000LhyTy,0.996828
001i000000NuQkD,0.007001597
001i000000NuPCq,0.007001597
001i000000NuRlj,0.007001597
001i000000NuOBF,0.00011128308
001i000000NuRDn,0.007001597
001i000000NuN7r,0.007001597
001i000000eltWp,0.007001597
001i000000NuNxR,0.007001597
001i000000Li95g,0.007001597
001i000000NuRIi,0.007001597
001i000000NuP6X,0.0027836107
001i000000NuNdO,0.007001597
001i000000NuOEe,0.00021384351
001i000000NuO4a,0.007001597
001i000000NuR4k,0.007001597
001i000000Zt6yh,0.007001597
001i000000NuRhv,0.007001597
001i000000NuPci,0.007001597
001i000000NuP7h,0.007001597
001i000000NuQwD,0.007001597
001i000000NuQPg,0.007001597
001i000000NuQ38,0.007001597
001i000000NuQzN,0.007001597
001i000000NuPMN,0.007001597
001i000000MJzYj,0.007001597
001i000000NuQRG,0.007001597
001i000000NuQ4Y,0.007001597
001i000000NuRQH,0.007001597
001i000000NuPoc,0.0038634134
001i000000NuS6U,0.007001597
001i000000NuOsC,0.00756294
001i000000LhyYY,0.47818664
001i000000NuO7C,0.0059786406
001i000000NuOI1,0.0018225169
001i000000NuNdb,0.006357489
001i000000NuOSY,0.0009678741
001i000000MJzWQ,0.007001597
001i000000LhyVc,0.9796949
001i000000NuOHD,0.0003043471
001i000000LhyRY,0.98771054
001i000000MJzYX,0.007001597
001i000000NuRO3,0.007001597
001i000000NuQtA,0.007001597
001i000000NuQM8,0.007001597
001i000000NuRdS,0.007001597
001i000000oks27,0.007001597
001i000000NuQJ4,0.007001597
001i000000LhyQh,0.97234535
001i000000MJzYr,0.007001597
001i000000NuR5r,0.007001597
001i000000NuOkc,0.0012792405
001i000000NuPyE,0.007001597
001i000000NuPz9,0.007001597
001i000000MJzZW,0.007001597
001i000000NuOHF,3.5792325e-06
001i000000NuRiK,0.007001597
001i000000LhydS,0.62001365
001i000000NuO7B,0.007001597
001i000000NuOBC,0.007001597
001i000000NuOGC,0.007001597
001i000000MJzYZ,0.007001597
001i000000NuOwc,0.007001597
001i000000NuRZ6,0.007001597
001i000000NuNWR,0.0035472785
001i000000NuPtD,0.007001597
001i000000LhyRV,0.53288645
001i000000NuRxY,0.007001597
001i000000NuOej,1.3258706e-07
001i000000NuPkt,0.007001597
001i000000NuOmX,0.007001597
001i000000NuRir,0.007001597
001i000000NuOut,0.036391526
001i000000MJzXV,0.007001597
001i000000NuOoM,0.0004211154
001i000000NuPRp,0.009790106
001i000000NuPdn,0.007001597
001i000000NuS7L,0.007001597
001i000000NuNvB,0.0009286246
001i000000NuP5U,0.007001597
001i000000NuO3T,0.0021403367
001i000000NuOmT,0.0004211154
001i000000NuOAl,0.0025189957
001i000000NuSpb,0.007001597
001i000000NuPA4,0.008000795
001i000000NuPVL,0.007001597
001i000000NuQle,0.007001597
001i000000sunvd,0.007001597
001i000000LhyRN,0.8807851
001i000000NuPbl,0.007001597
001i000000NuRFF,0.007001597
001i000000N1vVp,0.007001597
001i000000NuQa3,0.007001597
001i000000NuRPm,0.007001597
001i000000NuNqa,0.007001597
001i000000NuQ6k,0.007001597
001i000000NuRL4,0.007001597
001i000000NuPyh,0.011078741
001i000000NuPzJ,0.007001597
001i000000NuS8e,0.007001597
001i000000NuQpu,0.007001597
001i000000NuQMc,0.007001597
001i000000NuP3b,0.007001597
001i000000NuNWj,3.019958e-09
001i000000NuRMw,0.007001597
001i000000NuPCP,0.065381445
001i000000NuQmm,0.007001597
001i000000NuNl8,0.007001597
001i000000NuRBI,0.007001597
001i000000NuQHh,0.00039244525
001i000000NuOpe,0.46051157
001i000000NuQOA,0.007001597
001i000000NuOek,0.0016679841
001i000000NuOhG,3.260968e-05
001i000000NuPc6,0.007001597
001i000000NuR9T,0.007001597
001i000000NuRYu,0.007001597
001i000000NuQWQ,0.007001597
001i000000NuR4d,0.007001597
001i000000oks1r,0.007001597
001i000000NuRF5,0.007001597
001i000000NuP6C,9.118566e-05
001i000000NuPDg,0.007001597
001i000000NuPBd,0.00013024588
001i000000LhyQv,0.93098056
001i000000NuQjz,0.007001597
001i000000NuNzw,0.007001597
001i000000NuOrt,0.0016010923
001i000000NuP6V,0.00041683947
001i000000NuP11,0.007001597
001i000000NuO1l,0.00057617883
001i000000NuO6K,0.007001597
001i000000NuPW7,0.007001597
001i000000NuRLL,0.007001597
001i000000NuPmF,0.007001597
001i000000NuOdm,0.0073279035
001i000000NuO4l,0.007001597
001i000000NuR3s,0.007001597
001i000000NuRcp,0.007001597
001i000000NuQaF,2.4593277e-07
001i000000NuPkN,0.007001597
001i000000NuRCy,0.007001597
001i000000NuPhs,0.007001597
001i000000NuRb8,0.007001597
001i000000NuOpM,0.0020750249
001i000000NuQE4,0.007001597
001i000000NuQJS,0.007001597
001i000000NuPz4,0.007001597
001i000000dW8Gx,0.007001597
001i000000NuRHb,0.007001597
001i000000NuQGE,0.012026271
001i000000NuQwY,0.007001597
001i000000NuPm4,0.007001597
001i000000NuQh7,0.007001597
001i000000MJzWm,0.007001597
001i000000NuRHm,0.007001597
001i000000MJzVR,0.007001597
001i000000NuPd7,0.0005951001
001i000000NuOPc,0.0004211154
001i000000NuNga,0.007001597
001i000000NuQ7h,0.007001597
001i000000NuOKJ,6.3742567e-09
001i000000NuNxo,4.335158e-06
001i000000NuPOX,0.009851536
001i000000NuQpP,0.007001597
001i000000NuNcI,0.007001597
001i000000NuPkD,0.007001597
001i000000Lhyb1,0.8121621
001i000000NuQNS,0.007001597
001i000000NuOkb,0.007001597
001i000000NuNYS,0.00016946052
001i000000NuRJa,0.007001597
001i000000NuRUM,0.007001597
001i000000aUDw5,0.007001597
001i000000NuO92,0.0020612737
001i000000NuQ1u,0.007001597
001i000000NuPER,0.0015648998
001i000000bUJa6,0.007001597
001i000000NuQ5T,0.007001597
001i000000NuPHU,0.00072451844
001i000000oks21,0.007001597
001i000000NuQKJ,0.007001597
001i000000NuNnp,0.00011676926
001i000000NuRAK,0.007001597
001i000000NuP6i,1.3511536e-05
001i000000NuNeL,0.007001597
001i000000NuS9P,0.007001597
001i000000NuOC1,0.007001597
001i000000NuNme,5.2667724e-07
001i000000NuQFw,0.007001597
001i000000LhyWh,0.9778195
001i000000NuRo7,0.007001597
001i000000NuRka,0.007001597
001i000000NuQ7r,0.007001597
001i000000NuQzk,0.007001597
001i000000NuPQp,0.007001597
001i000000NuOKM,0.0004211154
001i000000NuP35,0.0027836107
001i000000NuPSL,0.007001597
001i000000LhyYP,0.9229392
001i000000NuPZC,0.007001597
001i000000NuPy7,0.007001597
001i000000LhySv,0.9951526
001i000000Li857,0.007001597
001i000000NuNkE,3.1953885e-05
001i000000NuRF7,0.007001597
001i000000NuQU0,0.007001597
001i000000NuQad,0.007001597
001i000000NuNvb,4.0064288e-07
001i000000NuO35,0.007001597
001i000000NuP1h,0.0005217778
001i000000NuQHO,0.007001597
001i000000NuR2F,0.007001597
001i000000NuO7k,0.007001597
001i000000NuQmT,0.007001597
001i000000NuQf1,0.007001597
001i000000NuQkt,0.007001597
001i000000NuOIr,0.0018225169
001i000000NuR4f,0.007001597
001i000000NuR7A,0.07808712
001i000000NuPbO,0.0014099341
001i000000NuRNL,0.007001597
001i000000MJzVx,0.007001597
001i000000NuOoI,0.0004211154
001i000000NuPZT,0.007001597
001i000000NuRVN,0.007001597
001i000000NuROB,0.007001597
001i000000NuPQ1,0.007001597
001i000000NuNru,0.007001597
001i000000NuOqX,1.6307027e-05
001i000000NuP1B,0.00020153672
001i000000NuP4g,0.00018667449
001i000000NuQkT,0.007001597
001i0000018BZUr,0.007001597
001i000000NuOV3,0.007001597
001i000000Li955,0.007001597
001i000000NuQey,0.007001597
001i000000NuQSc,0.007001597
001i000000NuQ9Y,0.007001597
001i000000NuSAQ,0.007001597
001i000000NuNZa,0.007001597
001i000000NuOTO,0.007001597
001i000000NuRft,0.007001597
001i000000NuS1K,0.007001597
001i000000NuOwl,0.0076178964
001i000000NuP6F,0.00064136594
001i000000NuR2n,0.007001597
001i000000NuRYn,0.007001597
001i000000NuOUb,0.0004211154
001i000000NuQBm,0.82212055
001i000000NuO96,0.00063002395
001i000000NuOTo,0.00039012288
001i000000NuPx9,0.007001597
001i000000NuNkx,1.8901298e-09
001i000000MJzWf,0.007001597
001i000000NuQOV,0.007001597
001i000000NuRjp,0.007001597
001i000000NuO1O,0.007001597
001i000000NuP37,0.00041683947
001i000000NuQiz,0.007001597
001i000000NuROc,0.007001597
001i000000NuOLV,1.5050816e-06
001i000000NuNuG,0.0013216019
001i000000NuR6P,0.007001597
001i000000NuR8y,0.4937562
001i000000NuPdT,0.007001597
001i000000NuNaW,0.007001597
001i000000NuNcJ,0.007001597
001i000000NuONZ,0.007001597
001i000000NuQot,0.007001597
001i000000NuO6h,3.6000725e-05
001i000000NuRnE,0.007001597
001i000000NuPBG,0.000106702624
001i000000NuR3E,0.007001597
001i000000NuNqG,0.000114033406
001i000000NuRbu,0.007001597
001i000000Li95T,0.007001597
001i000000NuPam,0.007001597
001i000000NuQeh,0.007001597
001i000000NuQjH,0.007001597
001i000000NuOvN,6.990666e-06
001i000000NuR3W,0.007001597
001i000000oks2W,0.007001597
001i000000NuRFx,0.007001597
001i000000NuPz7,0.007001597
001i000000NuQer,0.007001597
001i000000NuOvu,0.0035472785
001i000000NuR4b,0.007001597
001i000000NuQp3,0.007001597
001i000000LhyTN,0.94856906
001i000000NuRlr,0.007001597
001i000000NuOZq,1.800486e-07
001i000000LhyUz,0.99294066
001i000000NuNt1,0.00056112243
001i000000MJzVE,0.007001597
001i000000NuOyJ,0.0011179748
001i000000NuNlW,0.00039012288
001i000000NuR7h,0.007001597
001i000000NuRGA,0.007001597
001i000000NuQV7,0.007001597
001i000000NuQX2,0.042727787
001i000000NuPHf,0.007001597
001i000000NuOhW,6.0680562e-05
001i000000em8pf,0.007001597
001i000000NuQXP,0.007001597
001i000000NuPia,0.007001597
001i000000NuRBY,0.007001597
001i000000NuQqR,0.007001597
001i000000NuNhP,0.007001597
001i000000NuNdS,0.007001597
001i000000MJzTo,0.007001597
001i000000NuOHm,1.533023e-05
001i000000NuQcu,0.007001597
001i000000NuNhu,0.007001597
001i000000NuQah,0.007001597
001i000000NuRng,0.007001597
001i000000LhyaZ,0.9841458
001i000000NuQvz,0.007001597
001i000000NuR5y,0.007001597
001i000000NuRyE,0.007001597
001i000000NuOj6,0.0009678741
001i000000NuQZO,0.007001597
001i000000NuNog,0.007001597
001i000000NuR9M,0.007001597
001i000000cCHx7,0.007001597
001i000000NuP9a,0.22765481
001i000000NuRCT,0.007001597
001i000000NuOad,0.0003901227
001i000000NuP7Q,0.007001597
001i000000MKXh1,0.007001597
001i000000NuO6i,0.007001597
001i000000NuPvi,0.007001597
001i000000NuS3a,0.007001597
001i000000NuO9j,7.1460573e-07
001i000000LhyaW,0.97619325
001i000000NuOfV,0.0004211154
001i000000NuPsk,0.007001597
001i000000NuO6Q,0.0032240914
001i000000NuQZ6,0.007001597
001i000000NuQDr,0.007001597
001i000000NuPM7,0.007001597
001i000000NuPac,0.007001597
001i000000NuRzO,0.007001597
001i000000NuPpP,0.003848707
001i000000NuRJX,0.007001597
001i000000NuRI3,0.007001597
001i000000NuQXX,0.007001597
001i000000NuQnN,0.007001597
001i000000NuOdu,0.007001597
001i000000NuOOZ,0.0021429637
001i000000NuO4C,0.007001597
001i000000NuNdJ,0.007001597
001i000000NuOml,0.007001597
001i000000NuO0G,0.004698825
001i000000NuRia,0.007001597
001i000000NuOqr,0.0004211154
001i000000NuQhG,0.007001597
001i000000NuNlv,0.007001597
001i000000NuRO0,0.007001597
001i000000MJzUX,0.007001597
001i000000NuOfZ,0.00016258379
001i000000LhySy,0.9491421
001i000000LhyUD,0.99142003
001i000000NuO18,2.3245332e-07
001i000000NuREv,0.007001597
001i000000NuOlq,0.007001597
001i000000NuNcp,1.779742e-06
001i000000NuOfW,1.2174609e-05
001i000000NuP2D,0.0016119312
001i000000NuPuU,0.007001597
001i000000NuQBK,0.007001597
001i000000NuOkh,0.004146602
001i000000NuOyz,0.0016119312
001i000000NuOK2,7.071767e-06
001i000000NuRbX,0.007001597
001i000000NuOvs,0.047454637
001i000000NuPuO,0.007001597
001i000000NuQxh,0.007001597
001i000000NuNm1,0.007001597
001i000000NuO0k,1.3786613e-06
001i000000oks2j,0.007001597
001i000000NuOba,0.00039012288
001i000000NuOql,0.007001597
001i000000MJzUo,0.007001597
001i000000NuRj2,0.007001597
001i000000NuOEV,0.18772227
001i000000NuQLu,0.007001597
001i000000NuPCY,0.007001597
001i000000NuNtW,0.007001597
001i000000NuQY9,0.007001597
001i000000NuRCv,0.007001597
001i000000NuQsh,0.007001597
001i000000NuNhZ,6.769126e-05
001i000000NuOaz,0.0013215182
001i000000NuRda,0.007001597
001i000000Lhyce,0.0056514023
001i000000NuNtk,0.007001597
001i000000NuRPy,0.007001597
001i000000NuQfz,0.007001597
001i000000NuSon,0.007001597
001i000000NuQz5,0.007001597
001i000000NuRsJ,0.007001597
001i000000NuPMD,0.007001597
001i000000NuQL9,0.007001597
001i000000NuQVH,0.007001597
001i000000NuOXJ,0.00039012288
001i000000NuPGT,0.007001597
001i000000MJzVZ,0.007001597
001i000000NuOw5,0.0027527264
001i000000NuRzv,0.007001597
001i000000NuOAP,0.0043294956
001i000000NuP3n,0.00041683947
001i000000NuQeu,0.007001597
001i000000NuQWO,0.007001597
001i000000NuQ3R,0.007001597
001i000000NuOeD,0.0035125064
001i000000NuQZs,0.007001597
001i000000MJza1,0.007001597
001i000000NuRyU,0.007001597
001i000000NuOcu,0.0016679841
001i000000NuRfK,0.007001597
001i000000NuNXm,0.007001597
001i000000NuP4r,0.0006487135
001i000000NuNsd,0.007001597
001i000000NuPGl,0.0017019187
001i000000NuQog,0.21991196
001i000000LhydI,0.90594935
001i000000NuQHQ,0.007001597
001i000000NuRAi,0.007001597
001i000000NuQ5r,0.007001597
001i000000NuNkt,0.007001597
001i000000NuPbh,0.007001597
001i000000NuOsD,0.0039221547
001i000000NuPqi,0.010203154
001i000000NuR7P,0.007001597
001i000000NuOsq,0.007001597
001i000000NuQkI,0.007001597
001i000000NuS2C,0.007001597
001i000000NuPn6,0.007001597
001i000000NuR8V,0.007001597
001i000000NuNgC,0.0018225169
001i000000NuQY0,0.007001597
001i000000NuQCM,0.007001597
001i000000N1vMU,0.007001597
001i000000NuRGi,0.007001597
001i000000NuNdi,0.007001597
001i000000NuPgI,0.007001597
001i000000NuPVD,0.001314379
001i000000MJzap,0.007001597
001i000000NuQFd,0.007001597
001i000000NuOCg,0.0056059384
001i000000NuNYY,0.007001597
001i000000NuQA8,0.007001597
001i000000NuPUj,0.007001597
001i000000NuRGh,0.007001597
001i000000NuOL3,0.00038566356
001i000000NuOd9,0.007001597
001i000000LhybW,0.97445923
001i000000NuPZ6,0.007001597
001i000000NuOKH,1.4584063e-07
001i000000NuQOX,0.007001597
001i000000NuPYz,0.007001597
001i000000NuR3I,0.007001597
001i000000LhyYF,0.7754171
001i000000NuNzV,0.00073054235
001i000000NuRIf,0.007001597
001i000000NuRNI,0.007001597
001i000000NuO14,0.0035472785
001i000000aUDyF,0.007001597
001i000000NuRSd,0.007001597
001i000000NuQOp,0.007001597
001i000000NuRrJ,0.007001597
001i000000NuQQI,0.007001597
001i000000NuOkJ,0.007001597
001i000000NuNSJ,0.00041683947
001i000000NuPA5,0.007001597
001i000000NuQZi,0.007001597
001i000000NuOKL,0.00016946052
001i000000NuPT5,0.077244245
001i000000oks38,0.007001597
001i000000NuOvp,0.00027487968
001i000000NuRLt,0.07808712
001i000000NuOnD,0.003270684
001i000000NuSod,0.007001597
001i000000NuOjm,0.007001597
001i000000NuRla,0.007001597
001i000000NuNVz,3.0917472e-05
001i000000NuOWO,0.0003901227
001i000000NuNx0,0.007001597
001i000000NuOwX,0.0035472785
001i000000NuOhp,7.524982e-06
001i000000NuRZC,0.007001597
001i000000NuPWE,0.007001597
001i000000NuRNb,0.007001597
001i000000aTTlu,0.007001597
001i000000NuPdR,0.007001597
001i000000NuPVu,0.007001597
001i000000NuRqf,0.007001597
001i000000NuPPZ,0.007001597
001i000000NuPAO,0.00048475552
001i000000NuQc5,0.007001597
001i000000NuRix,0.007001597
001i000000NuQsq,0.007001597
001i000000NuPpK,0.007001597
001i000000NuNs2,0.00086629996
001i000000NuQcG,0.007001597
001i000000NuQyK,0.007001597
001i000000NuPse,0.007001597
001i000000NuOmQ,0.0004211154
001i000000NuS9O,0.007001597
001i000000NuPwY,0.007001597
001i000000NuNb1,0.007001597
001i000000NuOGl,0.007001597
001i000000NuPio,0.007001597
001i000000NuPf7,0.0077543743
001i000000LhyVt,0.7608672
001i000000NuOTC,2.7125586e-07
001i000000NuNxN,0.007001597
001i000000NuNuT,0.007001597
001i000000NuPzC,0.011078741
001i000000NuSpU,0.007001597
001i000000NuQLF,0.007001597
001i000000NuR6o,0.007001597
001i000000NuOe0,0.007001597
001i000000NuPMa,0.007001597
001i000000NuOJZ,3.8838634e-06
001i000000NuQnJ,0.007001597
001i000000NuOM6,0.00016946052
001i000000oks12,0.007001597
001i000000NuRl7,0.007001597
001i000000NuR6N,0.007001597
001i000000NuNgK,0.007001597
001i000000NuR1I,0.007001597
001i000000NuPeh,0.007001597
001i000000NuQO2,0.007001597
001i000000NuQt5,0.007001597
001i000000NuQvw,0.077244245
001i000000NuNWo,0.0007509499
001i000000NuQh8,0.007001597
001i000000NuQU9,0.007001597
001i000000NuQY3,0.007001597
001i000000NuRKf,0.007001597
001i000000NuQ1V,0.007001597
001i000000em0X4,0.007001597
001i000000NuOTF,0.0004211154
001i000000NuOgH,0.0004211154
001i000000NuRDG,0.007001597
001i000000NuOTz,4.1142972e-05
001i000000NuQcW,0.007001597
001i000000NuQFR,0.007001597
001i000000NuR3Y,0.007001597
001i000000NuRwV,0.007001597
001i000000NuQnh,0.007001597
001i000000NuQkQ,0.007001597
001i000000Li94P,0.007001597
001i000000NuPdY,0.007001597
001i000000NuRbd,0.007001597
001i000000NuPLC,0.096528724
001i000000NuQ0d,0.007001597
001i000000NuOpj,0.0040562158
001i000000NuOgM,7.47101e-05
001i000000NuONF,1.0061095e-06
001i000000NuOwK,0.0035472785
001i000000NuNte,2.6696904e-05
001i000000NuS5O,0.007001597
001i000000NuPL8,0.007001597
001i000000NuQB2,0.007001597
001i000000NuRjl,0.007001597
001i000000NuNyz,0.0018225169
001i000000LhyQa,0.42466137
001i000000NuNc1,0.007001597
001i000000NuNwN,0.00024760276
001i000000NuPEf,5.2078853e-05
001i000000NuNeu,0.007001597
001i000000NuQe5,0.007001597
001i000000em0YR,0.007001597
001i000000NuQTc,0.007001597
001i000000NuQIZ,0.007001597
001i000000NuRNn,0.007001597
001i000000NuQBk,0.08573553
001i000000LhyUs,0.9927557
001i000000NuQOd,0.007001597
001i000000NuS9Y,0.007001597
001i000000NuPIC,0.0049856417
001i000000LhyY4,0.6081407
001i000000NuPKX,0.007001597
001i000000NuRfr,0.007001597
001i000000NuQ23,0.007001597
001i000000NuRBv,0.007001597
001i000000Li959,0.007001597
001i000000NuOuF,0.007001597
001i000000NuRf1,0.007001597
001i000000NuRXO,0.007001597
001i000000NuPEA,0.00093465805
001i000000NuRVU,0.007001597
001i000000NuRFJ,0.007001597
001i000000NuPNC,0.007001597
001i000000NuOjW,0.007001597
001i000000NuOv8,0.0005616741
001i000000NuOAG,0.0077861045
001i000000MJzWD,0.007001597
001i000000NuOCw,0.010459882
001i000000NuPQk,0.007001597
001i000000NuO2e,0.007001597
001i000000NuPsT,0.007001597
001i000000NuO9p,4.3148003e-08
001i000000NuOrH,0.0035472785
001i000000NuR3H,0.007001597
001i000000NuNuo,0.0004211154
001i000000NuRl5,0.007001597
001i000000NuOTe,0.0043316954
001i000000NuQU6,0.007001597
001i000000NuPoB,0.007001597
001i000000NuPs1,0.007001597
001i000000aUDxW,0.007001597
001i000000NuNwn,0.0005825623
001i000000NuRqw,0.007001597
001i000000NuQj1,0.007001597
001i000000NuOsV,0.007001597
001i000000NuOEQ,0.10420954
001i000000NuPMn,0.007001597
001i000000NuQ7G,0.0017202237
001i000000NuQm3,0.007001597
001i000000NuNqQ,0.007001597
001i000000NuR3e,0.007001597
001i000000NuNTX,0.029908681
001i000000NuPvW,0.007001597
001i000000NuO0o,7.377839e-05
001i000000NuO7H,0.007001597
001i000000NuOIy,0.0018225169
001i000000NuNZL,0.007001597
001i000000oks20,0.007001597
001i000000NuQIY,0.007001597
001i000000NuOMh,4.7203393e-05
001i000000NuPlU,0.007001597
001i000000NuPZF,0.007001597
001i000000NuP9r,2.80785e-05
001i000000NuPH3,0.00018667449
001i000000NuQwo,0.007001597
001i000000NuPrW,0.007001597
001i000000NuPX2,0.007001597
001i000000NuNyN,8.11722e-05
001i000000NuP1k,0.007001597
001i000000NuQ8n,0.007001597
001i000000NuPjf,0.007001597
001i000000NuRdw,0.007001597
001i000000NuQKd,0.007001597
001i000000NuRX1,0.007001597
001i000000NuS6M,0.007001597
001i000000NuOXO,0.007001597
001i000000NuQ8Y,0.007001597
001i000000MJzbk,0.007001597
001i000000NuRdt,0.007001597
001i000000NuOdr,0.0056641013
001i000000NuOwT,0.011941762
001i000000NuQRP,0.007001597
001i000000NuQaJ,0.007001597
001i000000NuRCi,0.007001597
001i000000NuPzi,0.007001597
001i000000NuQ3S,0.007001597
001i000000NuNqk,0.007001597
001i000000LiKyq,0.007001597
001i000000NuOC7,0.007001597
001i000000NuNy5,0.007001597
001i000000NuQWo,0.14939745
001i000000NuQ1e,0.007001597
001i000000NuPv7,0.007001597
001i000000NuRld,0.007001597
001i000000NuOWH,0.00039012288
001i000000NuP1N,0.0017019187
001i000000NuRCF,0.007001597
001i000000NuQEO,0.007001597
001i000000NuQjh,0.051488087
001i000000NuOwW,0.0035472785
001i000000NuNYw,0.007001597
001i000000NuQNX,0.007001597
001i000000NuPBi,0.0017019187
001i000000NuQ1Z,0.007001597
001i000000NuRz2,0.007001597
001i000000NuRyb,0.007001597
001i000000NuP3e,3.7026726e-05
001i000000NuNtn,0.0060212696
001i000000NuRQW,0.007001597
001i000000NuRlN,0.007001597
001i000000NuQYh,0.007001597
001i000000NuOJg,0.0018225169
001i000000NuObP,0.00039012288
001i000000NuPnV,0.007001597
001i000000NuQDU,0.007001597
001i000000NuPx7,0.007001597
001i000000NuPTZ,0.00023501366
001i000000LhyZo,0.7024186
001i000000NuOos,0.003270684
001i000000NuPLU,0.007001597
001i000000NuPJN,0.007001597
001i000000NuQkH,0.007001597
001i000000NuNu0,0.01915252
001i000000NuNVb,0.00085947366
001i000000NuQrY,0.007001597
001i000000NuPmN,0.007001597
001i000000NuPfA,0.0020734968
001i000000NuRXc,0.007001597
001i000000NuPCi,0.007001597
001i000000NuQxn,0.007001597
001i000000NuRJL,0.007001597
001i000000NuRKD,0.007001597
001i000000NuP4L,3.7686225e-06
001i000000oks2D,0.007001597
001i000000NuQjZ,0.007001597
001i000000NuQ3a,0.007001597
001i000000NuOc1,0.007001597
001i000000NuNck,0.007001597
001i000000NuQAA,0.007001597
001i000000NuOZN,0.3348196
001i000000NuOWf,0.0071561015
001i000000NuOFp,0.007001597
001i000000NuQMN,0.007001597
001i000000NuPIj,0.006704247
001i000000NuOk3,0.007001597
001i000000NuR2V,0.007001597
001i000000NuOm9,9.2835774e-07
001i000000NuOhC,0.0004319746
001i000000NuQ6b,0.001314379
001i000000NuOSn,0.0077861045
001i000000NuPTD,0.007001597
001i000000NuRB1,0.007001597
001i000000NuQSh,0.007001597
001i000000MJzTi,0.007001597
001i000000NuP5a,0.00041683947
001i000000NuRLG,0.007001597
001i000000NuRO5,0.007001597
001i000000NuOcc,2.252506e-09
001i000000NuQGv,0.007001597
001i000000aTTEn,0.007001597
001i000000NuPr0,0.007001597
001i000000NuQy2,0.007001597
001i000000NuRjw,0.007001597
001i000000NuP0h,0.007001597
001i000000NuOuB,0.0003338547
001i000000NuS4u,0.007001597
001i000000NuRzm,0.007001597
001i000000NuNbz,0.007001597
001i000000NuRWn,0.007001597
001i000000NuNvt,0.007001597
001i000000NuQXb,0.007001597
001i000000NuP6j,0.0027836107
001i000000NuQIS,0.007001597
001i000000NuOT5,0.0025189957
001i000000NuP76,5.1565057e-06
001i000000NuNXA,0.0004211154
001i000000NuQu9,0.007001597
001i000000Li96C,0.007001597
001i000000MJzYD,0.007001597
001i000000NuOHd,2.0115915e-05
001i000000NuRDK,0.007001597
001i000000MKXga,0.007001597
001i000000NuORB,1.1990045e-05
001i000000NuQJO,0.007001597
001i000000NuOvX,6.7050655e-06
001i000000NuRIP,0.007001597
001i000000NuQpQ,0.007001597
001i000000NuPdU,0.007001597
001i000000MJzZ6,0.007001597
001i000000NuRNT,0.007001597
001i000000NuPLy,0.0034012836
001i000000NuOtQ,3.5359144e-06
001i000000NuNmy,1.3221852e-06
001i000000NuOXA,0.007001597
001i000000NuPus,0.007001597
001i000000NuRWd,0.07808712
001i000000NuPX5,0.007001597
001i000000NuNYH,0.007001597
001i000000NuP8v,0.007001597
001i000000NuOlc,0.001591395
001i000000NuR4R,0.007001597
001i000000NuQED,0.007001597
001i000000NuNn4,0.0019681782
001i000000NuQk6,0.007001597
001i000000MJzaX,0.007001597
001i000000NuPtL,0.007001597
001i000000NuNwA,0.007001597
001i000000NuPq4,0.007001597
001i000000NuQce,0.007001597
001i000000NuQ8R,0.007001597
001i000000NuPB3,0.0021549927
001i000000NuRi6,0.007001597
001i000000NuQXO,0.007001597
001i000000aUDxH,0.007001597
001i000000NuPLS,0.007001597
001i000000NuQ8m,0.007001597
001i000000oks4A,0.007001597
001i000000NuOLe,9.043455e-08
001i000000NuPL5,0.007001597
001i000000NuQtg,0.007001597
001i000000MJzUZ,0.007001597
001i000000NuQHV,0.007001597
001i000000MJzZm,0.007001597
001i000000NuNrL,0.00016946052
001i000000NuOcd,0.0009678741
001i000000NuQBC,0.007001597
001i000000Lhyaj,0.90381396
001i000000NuQRt,0.077244245
001i000000NuP3y,0.0059786406
001i000000NuRib,0.007001597
001i000000NuP7J,0.018538151
001i000000NuRJd,0.007001597
001i000000NuOAN,0.0011878659
